ligand,1c5m,1ezq,1f0r,1f0s,1fax,1fjs,1g2l,1g2m,1hcg,1ioe,1iqe,1iqf,1iqg,1iqh,1iqi,1iqj,1iqk,1iql,1iqm,1iqn,1ksn,1lpg,1lpk,1lpz,1lqd,1mq5,1mq6,1nfu,1nfw,1nfx,1nfy,1p0s,1v3x,1wu1,1xka,1xkb,1z6e,2bmg,2boh,2bok,2bq6,2bq7,2bqw,2cji,2d1j,2ei6,2ei7,2ei8,2fzz,2g00,2gd4,2h9e,2j2u,2j34,2j38,2j4i,2j94,2j95,2jkh,2p16,2p3f,2p3t,2p3u,2p93,2p94,2p95,2phb,2pr3,2q1j,2ra0,2uwl,2uwo,2uwp,2vh0,2vh6,2vvc,2vvu,2vvv,2vwl,2vwm,2vwn,2vwo,2w26,2w3i,2w3k,2wyg,2wyj,2xbv,2xbw,2xbx,2xby,2xc0,2xc4,2xc5,2y5f,2y5g,2y5h,2y7x,2y7z,2y80,2y81,2y82,3cen,3cs7,3ens,3ffg,3hpt,3iit,3k9x,3kl6,3kqb,3kqc,3kqd,3kqe,3liw,3m36,3m37,3q3k,3sw2,3tk5,3tk6,4a7i,4bti,4btt,4btu,4y6d,4y71,4y76,4y79,4y7a,4y7b,4zh8,4zha,5k0h,5voe,5vof,activity
CS1,-8.4,-7.9,-7.0,-6.9,-7.0,-8.1,-8.4,-8.4,-8.5,-8.0,-7.9,-7.9,-7.9,-8.1,-8.3,-9.0,-7.9,-7.9,-8.3,-9.0,-7.8,-7.4,-7.4,-7.8,-6.9,-7.9,-7.6,-7.0,-7.5,-7.3,-7.2,-5.9,-7.5,-7.6,-8.8,-8.5,-8.1,-7.8,-7.8,-7.6,-7.3,-7.8,-7.8,-7.5,-6.5,-7.7,-7.3,-7.5,-8.5,-7.2,-7.7,-7.4,-7.0,-7.2,-6.7,-7.8,-7.2,-7.2,-7.5,-8.4,-6.8,-8.6,-8.4,-8.6,-8.4,-8.1,-8.8,-8.2,-8.7,-8.0,-7.0,-7.0,-6.8,-8.4,-8.5,-8.4,-7.5,-8.9,-8.2,-8.2,-8.4,-8.7,-7.5,-8.0,-7.9,-7.9,-7.8,-7.7,-8.2,-7.8,-8.0,-7.6,-8.0,-7.6,-7.8,-7.7,-7.8,-8.7,-7.8,-7.7,-8.3,-8.2,-8.3,-7.8,-8.3,-9.1,-8.2,-7.3,-8.4,-8.2,-7.9,-7.8,-9.2,-8.3,-7.3,-8.1,-8.2,-8.2,-8.8,-7.5,-7.7,-7.2,-7.2,-7.0,-7.8,-8.3,-8.1,-7.8,-7.4,-6.9,-7.5,-6.7,-8.5,-7.8,-8.1,-7.7,1
CS2,-6.5,-7.7,-7.3,-7.0,-6.3,-7.5,-7.8,-7.1,-7.2,-8.2,-7.5,-7.6,-8.1,-7.3,-8.4,-8.3,-7.9,-7.4,-7.9,-8.6,-7.1,-6.3,-6.7,-6.4,-6.3,-7.0,-7.1,-6.5,-6.9,-6.9,-6.9,-5.3,-6.4,-8.1,-6.8,-7.0,-7.7,-7.3,-6.5,-6.2,-6.5,-6.8,-6.9,-6.6,-6.6,-6.2,-6.2,-6.7,-7.9,-6.5,-6.6,-6.8,-6.4,-6.6,-6.6,-6.8,-6.5,-6.9,-6.2,-7.6,-6.8,-7.7,-7.9,-8.4,-8.0,-7.9,-8.0,-7.9,-7.7,-6.4,-6.9,-6.8,-6.5,-7.3,-7.9,-8.0,-7.4,-8.0,-7.8,-7.9,-8.0,-8.0,-8.0,-7.9,-7.7,-6.2,-7.1,-7.7,-8.0,-7.8,-7.8,-7.7,-8.2,-7.9,-6.3,-6.2,-6.2,-7.1,-6.2,-6.6,-7.5,-6.9,-8.0,-6.1,-7.6,-7.9,-6.7,-6.4,-6.9,-7.9,-8.2,-8.1,-8.1,-7.7,-6.5,-6.7,-8.0,-6.4,-6.1,-6.4,-6.4,-6.8,-6.9,-6.5,-6.3,-8.1,-6.2,-6.2,-6.9,-6.4,-6.7,-7.0,-7.6,-7.6,-6.2,-7.3,1
CS3,-8.0,-7.9,-7.9,-8.1,-7.8,-8.0,-8.0,-7.8,-8.2,-7.7,-7.5,-7.6,-8.7,-8.4,-8.4,-9.0,-7.9,-7.8,-8.8,-8.8,-8.6,-7.8,-8.2,-7.9,-7.6,-8.1,-8.3,-7.2,-7.5,-7.5,-8.0,-7.3,-7.9,-7.1,-8.2,-8.1,-7.9,-8.1,-7.9,-7.5,-7.9,-8.2,-8.0,-7.5,-7.2,-8.0,-7.8,-7.8,-8.2,-7.9,-7.9,-7.3,-7.5,-7.5,-7.4,-7.6,-7.6,-7.6,-7.7,-8.1,-7.8,-8.8,-7.8,-8.2,-7.8,-7.9,-7.9,-8.0,-8.0,-8.1,-7.7,-8.2,-7.6,-7.8,-8.6,-8.8,-8.2,-8.5,-8.8,-8.0,-8.1,-8.4,-8.6,-8.0,-8.1,-7.5,-7.7,-8.5,-8.1,-8.3,-7.7,-8.1,-7.8,-8.3,-7.7,-7.7,-7.9,-7.9,-7.5,-7.6,-7.9,-8.0,-7.7,-7.8,-7.7,-8.4,-7.8,-7.8,-7.7,-8.2,-7.9,-8.0,-8.4,-7.9,-7.9,-8.0,-7.7,-8.0,-7.9,-7.4,-8.3,-8.0,-8.0,-7.6,-7.5,-7.8,-7.7,-7.6,-7.6,-7.7,-7.5,-7.5,-8.2,-8.0,-7.7,-8.2,1
CS4,-8.6,-8.9,-8.0,-7.6,-7.8,-8.4,-9.4,-8.9,-8.9,-9.0,-8.6,-8.4,-8.8,-8.9,-9.0,-9.7,-8.6,-8.4,-9.2,-9.6,-8.3,-7.9,-7.9,-7.7,-7.6,-8.5,-8.3,-7.7,-7.8,-8.1,-8.1,-6.9,-8.1,-8.3,-8.8,-8.5,-9.2,-8.5,-8.3,-7.9,-8.0,-8.0,-7.7,-7.6,-7.5,-8.4,-8.6,-8.1,-9.5,-8.8,-8.6,-7.7,-8.6,-7.6,-7.5,-7.7,-7.8,-7.9,-7.9,-8.9,-8.1,-9.3,-8.5,-9.7,-9.3,-9.1,-9.4,-9.5,-9.6,-8.5,-8.2,-7.4,-8.1,-9.0,-9.2,-9.2,-8.2,-9.5,-9.1,-9.4,-9.3,-9.5,-8.4,-8.6,-8.8,-8.6,-8.4,-8.7,-9.2,-8.9,-9.3,-8.9,-8.7,-9.0,-7.9,-8.2,-8.1,-8.7,-7.8,-7.8,-8.9,-8.7,-9.1,-8.2,-8.7,-9.8,-8.8,-8.4,-8.5,-9.1,-8.6,-8.7,-9.3,-9.2,-8.0,-8.6,-9.2,-8.4,-8.8,-8.7,-8.3,-8.2,-8.3,-7.7,-8.0,-9.2,-7.8,-7.9,-8.3,-8.5,-8.1,-8.1,-8.7,-8.8,-8.1,-8.5,1
CS5,-8.2,-8.5,-8.0,-8.2,-7.5,-8.2,-8.7,-8.4,-8.7,-7.9,-7.5,-7.9,-8.4,-8.2,-8.7,-9.4,-7.6,-7.8,-8.9,-9.2,-9.1,-7.9,-7.9,-8.1,-7.7,-8.2,-8.1,-7.4,-8.7,-8.4,-8.4,-7.0,-8.4,-8.2,-8.9,-8.2,-8.8,-8.4,-8.8,-7.8,-8.6,-8.3,-8.0,-7.6,-6.8,-8.1,-8.4,-8.2,-9.1,-8.7,-8.5,-7.9,-7.5,-7.9,-7.7,-8.3,-8.0,-7.8,-7.4,-8.7,-7.5,-8.5,-8.5,-8.2,-8.6,-8.3,-8.7,-8.4,-8.5,-8.3,-8.0,-7.5,-7.4,-8.1,-8.1,-8.6,-8.3,-9.1,-8.5,-8.5,-8.9,-8.7,-8.6,-8.5,-8.5,-8.0,-8.3,-8.8,-8.9,-8.7,-8.3,-8.8,-8.4,-8.8,-7.6,-8.0,-7.8,-8.3,-7.9,-7.9,-8.1,-8.4,-7.9,-7.9,-8.2,-8.6,-8.3,-8.4,-8.1,-7.9,-8.2,-8.4,-8.8,-8.7,-7.9,-8.6,-8.7,-7.8,-8.1,-8.4,-8.0,-8.2,-8.0,-7.7,-8.3,-7.8,-8.1,-7.7,-7.8,-8.1,-8.1,-7.8,-8.3,-8.4,-8.1,-7.9,0
CS9,-9.8,-9.3,-8.5,-8.0,-9.4,-10.2,-8.7,-9.5,-9.2,-9.7,-9.0,-9.2,-9.4,-9.8,-9.2,-10.6,-8.9,-8.6,-10.3,-10.3,-9.8,-9.1,-9.4,-8.1,-8.0,-9.8,-9.8,-9.0,-9.1,-8.8,-8.7,-7.4,-9.7,-8.8,-9.7,-9.8,-10.2,-10.2,-10.5,-8.8,-10.4,-10.3,-9.8,-8.2,-8.0,-9.8,-10.4,-9.4,-10.0,-10.1,-10.0,-9.9,-9.5,-9.5,-9.6,-10.3,-9.6,-9.1,-9.2,-10.6,-8.9,-10.2,-10.3,-10.0,-9.5,-9.8,-10.4,-10.1,-9.8,-10.1,-9.9,-9.9,-9.1,-9.7,-8.2,-10.2,-10.2,-10.2,-9.5,-10.4,-9.1,-10.1,-10.3,-9.6,-9.6,-8.9,-9.5,-9.3,-9.9,-9.4,-9.5,-9.7,-9.3,-9.4,-9.1,-9.4,-9.6,-8.0,-9.0,-9.0,-9.7,-9.8,-9.3,-9.4,-10.0,-10.1,-10.1,-9.7,-10.0,-10.0,-8.0,-10.1,-10.5,-10.1,-10.0,-10.1,-10.1,-9.8,-10.3,-10.1,-9.8,-10.8,-9.1,-9.0,-9.4,-7.9,-9.9,-9.9,-8.9,-9.4,-9.4,-9.4,-9.9,-9.0,-9.3,-9.4,1
CS10,-10.0,-10.2,-9.2,-9.3,-9.1,-9.8,-10.1,-10.6,-9.3,-10.4,-9.3,-10.2,-10.9,-10.3,-10.4,-11.3,-9.5,-9.1,-10.7,-11.1,-10.1,-9.9,-9.8,-10.0,-10.4,-10.2,-10.2,-9.5,-9.8,-9.2,-9.6,-8.0,-10.2,-9.4,-9.9,-9.9,-10.8,-11.2,-9.4,-8.8,-10.1,-10.0,-10.2,-9.6,-8.5,-9.7,-10.0,-9.6,-10.8,-10.9,-11.1,-8.9,-9.6,-9.3,-9.2,-10.2,-9.6,-9.6,-9.8,-10.8,-8.7,-10.7,-9.9,-10.4,-10.3,-9.7,-10.7,-10.7,-10.8,-9.6,-9.5,-9.9,-9.6,-9.8,-10.4,-11.4,-10.7,-11.4,-9.5,-11.3,-10.8,-10.9,-9.8,-9.7,-9.2,-9.6,-10.4,-10.1,-10.1,-9.4,-10.1,-9.6,-10.7,-9.9,-9.9,-9.6,-9.6,-9.3,-9.2,-9.6,-9.3,-9.5,-10.0,-9.2,-9.5,-10.8,-9.3,-9.5,-9.3,-10.2,-10.2,-9.6,-11.3,-10.4,-9.7,-11.2,-9.8,-9.9,-9.9,-10.0,-10.2,-10.2,-10.1,-9.5,-9.6,-9.6,-9.8,-9.3,-9.6,-9.2,-9.1,-9.6,-10.2,-10.5,-9.6,-9.2,1
CS11,-8.4,-9.6,-9.4,-9.1,-9.3,-9.6,-8.4,-9.4,-8.1,-9.3,-9.4,-9.2,-9.5,-9.3,-10.1,-10.1,-8.5,-8.8,-8.8,-10.6,-9.8,-9.5,-9.5,-9.8,-8.6,-10.5,-9.8,-8.0,-9.3,-9.4,-9.6,-7.2,-7.9,-9.6,-9.8,-9.3,-10.0,-9.8,-9.9,-8.8,-9.3,-9.8,-9.1,-9.1,-7.5,-8.6,-9.0,-9.2,-9.8,-8.1,-9.8,-9.2,-9.0,-7.6,-7.7,-8.6,-9.4,-9.1,-8.3,-8.1,-7.0,-9.9,-8.6,-10.0,-9.7,-8.7,-9.7,-9.6,-9.9,-9.8,-8.9,-7.3,-7.7,-9.1,-8.8,-9.9,-9.9,-9.9,-8.8,-9.1,-8.9,-8.6,-9.3,-9.5,-9.8,-8.9,-8.9,-8.6,-9.7,-8.8,-8.7,-9.0,-8.7,-8.7,-9.1,-9.4,-9.0,-8.8,-8.7,-8.5,-9.8,-9.9,-9.8,-9.0,-9.8,-9.8,-7.9,-9.5,-9.6,-9.7,-8.6,-9.3,-9.9,-8.3,-9.1,-9.6,-8.7,-9.3,-10.1,-9.7,-8.6,-8.9,-8.7,-9.0,-9.3,-9.8,-9.0,-9.4,-9.3,-9.5,-8.9,-7.9,-9.7,-9.1,-9.0,-9.5,1
CS12,-7.3,-7.6,-6.9,-6.9,-7.2,-7.8,-7.7,-8.2,-7.5,-7.6,-7.3,-7.7,-7.8,-7.8,-8.0,-8.5,-7.3,-7.1,-8.6,-8.5,-7.4,-7.3,-7.3,-7.4,-7.5,-7.5,-7.4,-7.5,-7.3,-7.2,-7.1,-5.9,-7.7,-7.3,-7.3,-7.6,-7.4,-8.0,-7.3,-7.3,-7.9,-7.3,-7.7,-7.7,-6.7,-7.7,-7.6,-7.3,-7.5,-7.6,-8.4,-6.8,-7.7,-7.5,-7.7,-7.3,-7.8,-7.5,-7.2,-7.9,-6.5,-7.7,-7.4,-7.6,-7.6,-7.5,-7.8,-7.7,-7.5,-7.3,-7.5,-7.5,-7.5,-7.3,-7.6,-7.8,-7.9,-7.8,-7.5,-7.7,-7.6,-7.7,-7.7,-7.7,-7.7,-7.4,-7.4,-7.5,-7.5,-7.5,-7.5,-7.7,-7.7,-7.5,-7.4,-7.4,-7.5,-7.5,-7.2,-7.5,-7.6,-7.6,-7.6,-7.2,-7.1,-7.9,-7.1,-7.6,-7.0,-7.6,-7.5,-7.7,-8.2,-7.5,-7.5,-8.0,-7.6,-7.7,-7.2,-7.6,-7.6,-7.6,-7.7,-7.3,-7.4,-7.3,-7.3,-7.3,-7.8,-7.5,-7.1,-7.5,-7.9,-7.5,-7.4,-7.7,1
CS13,-9.0,-9.3,-8.8,-9.1,-8.8,-9.4,-9.7,-9.8,-8.8,-9.4,-8.7,-9.2,-9.4,-9.4,-9.4,-9.8,-9.2,-9.2,-9.5,-10.3,-9.5,-9.0,-9.2,-9.2,-9.0,-9.6,-9.2,-8.8,-9.4,-8.9,-9.4,-7.4,-9.2,-9.4,-9.5,-9.3,-9.2,-9.6,-9.0,-8.8,-9.0,-9.3,-9.1,-9.0,-8.4,-9.8,-9.6,-9.8,-9.7,-9.4,-9.8,-8.2,-9.0,-9.0,-9.0,-9.4,-9.4,-9.1,-9.2,-9.2,-8.5,-9.7,-9.5,-10.1,-9.4,-9.1,-9.8,-9.6,-9.3,-9.3,-9.0,-9.2,-8.7,-9.1,-9.7,-10.0,-9.4,-10.1,-9.4,-9.8,-9.6,-9.9,-8.8,-9.3,-9.2,-8.7,-8.9,-9.0,-9.3,-9.4,-9.5,-9.1,-9.7,-9.3,-9.1,-9.0,-9.2,-9.5,-8.8,-8.8,-8.8,-9.2,-9.3,-8.7,-9.2,-9.9,-8.9,-9.4,-9.2,-9.3,-9.3,-9.2,-9.9,-9.7,-9.2,-9.6,-9.6,-9.6,-9.3,-9.5,-9.9,-9.6,-9.2,-9.1,-8.7,-9.3,-9.3,-8.9,-9.3,-9.1,-8.7,-9.0,-9.8,-9.7,-8.9,-9.3,1
CS14,-9.3,-9.3,-9.1,-8.9,-9.4,-9.9,-9.6,-9.8,-8.6,-9.4,-9.2,-9.7,-9.4,-9.3,-9.4,-9.8,-9.2,-9.0,-9.6,-10.2,-9.3,-9.5,-9.9,-9.7,-9.6,-10.0,-9.8,-9.2,-9.3,-9.2,-9.4,-7.6,-9.3,-9.4,-9.6,-9.5,-9.8,-9.5,-9.6,-9.4,-9.5,-9.6,-9.4,-9.8,-8.6,-9.4,-9.7,-9.7,-10.0,-9.6,-9.6,-9.0,-9.9,-9.5,-9.6,-9.6,-9.9,-9.7,-9.5,-9.5,-9.2,-9.6,-9.5,-10.1,-9.3,-9.1,-9.7,-9.4,-9.3,-9.6,-9.8,-9.7,-9.8,-9.2,-9.6,-9.9,-9.6,-10.0,-9.4,-9.7,-9.3,-9.7,-9.2,-9.1,-9.0,-9.4,-9.2,-9.2,-9.5,-9.4,-9.6,-9.1,-9.6,-9.4,-9.5,-9.6,-9.3,-9.6,-9.3,-9.2,-9.2,-9.6,-9.3,-9.3,-9.1,-9.7,-9.4,-9.8,-9.2,-9.2,-9.3,-9.4,-9.8,-9.5,-10.0,-9.7,-9.5,-9.8,-9.4,-9.8,-9.9,-10.2,-9.9,-9.2,-9.4,-9.4,-9.4,-9.4,-9.9,-9.7,-9.1,-9.8,-9.6,-9.5,-9.3,-9.6,1
CS15,-9.4,-9.7,-8.8,-9.0,-9.5,-9.2,-9.2,-9.8,-9.3,-9.6,-9.4,-9.6,-9.7,-9.8,-9.4,-9.8,-9.3,-9.3,-9.4,-10.3,-9.7,-9.7,-9.7,-9.8,-9.8,-9.9,-9.7,-9.9,-9.4,-9.4,-9.7,-8.0,-9.2,-9.3,-9.7,-9.6,-10.0,-9.4,-9.3,-8.6,-9.4,-9.4,-8.9,-9.6,-8.9,-9.5,-9.9,-9.6,-9.4,-9.9,-9.6,-8.8,-9.3,-8.9,-9.1,-9.1,-9.2,-9.8,-9.4,-9.6,-8.8,-9.3,-9.4,-9.2,-9.4,-9.0,-9.6,-9.2,-9.1,-9.0,-9.3,-9.2,-9.2,-8.8,-9.2,-9.8,-9.7,-10.2,-9.5,-9.6,-9.3,-9.7,-9.6,-9.3,-9.8,-8.9,-9.2,-9.5,-10.1,-9.7,-9.2,-10.0,-9.6,-9.9,-9.2,-9.1,-9.1,-9.6,-8.6,-9.0,-9.3,-8.9,-9.3,-9.1,-9.4,-9.5,-9.1,-9.3,-9.4,-9.3,-9.3,-9.4,-10.1,-9.5,-9.9,-9.7,-9.4,-9.5,-9.3,-9.0,-9.6,-10.0,-9.5,-8.9,-8.6,-9.2,-9.2,-8.6,-9.2,-8.8,-8.9,-9.2,-9.4,-9.3,-9.0,-9.2,1
CS16,-10.2,-10.0,-8.9,-8.9,-10.0,-9.9,-9.5,-10.2,-9.7,-9.8,-9.2,-9.8,-9.9,-10.0,-9.4,-10.2,-9.5,-9.5,-9.6,-10.2,-10.1,-9.3,-9.9,-9.9,-9.7,-10.5,-10.0,-9.7,-9.3,-9.1,-9.6,-8.4,-9.8,-10.0,-10.3,-10.1,-10.1,-9.8,-9.8,-9.4,-9.3,-10.2,-9.3,-9.6,-8.8,-9.9,-10.0,-9.9,-10.0,-10.0,-9.7,-9.0,-9.9,-9.2,-9.3,-9.8,-9.9,-9.7,-9.6,-9.6,-8.6,-9.8,-10.0,-9.8,-9.5,-9.3,-9.8,-9.4,-9.6,-9.8,-9.8,-10.0,-9.8,-9.0,-9.4,-9.7,-10.3,-10.5,-10.0,-9.6,-10.0,-9.9,-9.5,-9.9,-9.8,-9.2,-9.3,-10.1,-10.2,-10.2,-10.0,-10.4,-10.2,-10.2,-9.4,-9.3,-9.9,-9.8,-9.2,-9.3,-9.4,-9.5,-9.6,-9.8,-9.6,-9.9,-9.5,-9.9,-9.7,-9.3,-9.6,-9.7,-10.2,-9.6,-10.0,-9.9,-9.7,-10.0,-9.6,-9.6,-10.2,-10.5,-10.0,-9.3,-9.0,-9.3,-9.6,-9.2,-9.6,-9.4,-9.3,-9.7,-9.7,-9.4,-9.2,-9.4,1
CS17,-9.5,-10.7,-9.6,-9.7,-10.0,-10.3,-10.3,-10.1,-9.9,-10.7,-10.5,-10.2,-10.3,-9.9,-10.2,-10.7,-9.5,-9.8,-10.4,-10.5,-10.5,-9.5,-9.6,-9.7,-9.8,-10.5,-10.7,-9.5,-10.2,-9.9,-10.2,-9.1,-9.2,-11.0,-10.3,-9.8,-11.1,-10.5,-9.9,-8.8,-9.8,-10.1,-10.2,-10.0,-9.5,-10.1,-10.0,-9.9,-11.4,-10.1,-10.4,-9.1,-9.4,-9.8,-9.7,-9.4,-9.2,-9.6,-10.0,-10.4,-9.1,-10.5,-11.1,-10.4,-11.0,-10.8,-10.7,-10.6,-10.6,-9.6,-9.5,-9.4,-9.4,-9.7,-10.3,-10.6,-10.6,-11.7,-11.0,-11.2,-10.7,-10.7,-10.2,-10.9,-11.2,-9.5,-9.6,-10.8,-11.2,-11.1,-11.1,-11.2,-11.6,-11.0,-9.8,-9.2,-9.9,-10.0,-9.5,-9.5,-10.1,-9.6,-10.8,-9.8,-10.0,-10.6,-9.7,-9.9,-9.8,-10.6,-10.8,-10.6,-11.3,-10.7,-9.5,-10.3,-11.5,-10.2,-9.8,-9.9,-10.5,-10.4,-10.4,-9.3,-10.3,-10.5,-9.7,-9.1,-9.6,-9.3,-9.7,-9.6,-10.5,-10.6,-9.5,-10.5,1
CS18,-9.5,-9.0,-8.6,-8.6,-9.5,-9.0,-9.3,-9.4,-8.9,-9.8,-9.4,-9.1,-9.1,-9.5,-9.5,-9.8,-9.1,-9.2,-9.1,-10.2,-9.2,-9.3,-9.7,-9.6,-9.6,-10.0,-9.6,-9.0,-9.4,-8.9,-9.4,-7.6,-9.5,-9.5,-9.4,-9.8,-9.3,-9.8,-9.3,-9.2,-9.2,-9.8,-9.2,-9.7,-8.5,-9.7,-9.7,-9.9,-9.7,-9.5,-9.7,-8.7,-9.7,-9.3,-9.4,-9.3,-9.5,-9.7,-9.8,-9.8,-9.0,-9.6,-9.7,-9.5,-9.5,-9.2,-9.6,-9.6,-9.1,-9.1,-9.6,-9.7,-9.4,-9.5,-9.7,-9.9,-9.6,-10.1,-9.6,-9.8,-9.5,-9.8,-9.7,-9.7,-9.8,-9.0,-9.0,-9.8,-9.7,-9.7,-9.3,-10.0,-9.7,-9.9,-9.4,-9.5,-9.3,-9.4,-8.7,-8.9,-9.1,-9.2,-9.3,-9.2,-9.3,-10.0,-9.3,-9.5,-9.4,-9.6,-9.6,-9.7,-10.0,-9.7,-9.6,-9.4,-9.8,-9.6,-9.2,-9.4,-10.1,-9.8,-9.7,-9.1,-8.9,-9.4,-9.1,-9.1,-9.4,-9.4,-8.8,-9.6,-9.7,-9.2,-9.0,-9.5,1
CS19,-9.3,-8.8,-8.6,-8.4,-9.6,-9.3,-9.3,-10.0,-9.5,-9.1,-9.2,-9.4,-9.6,-9.7,-9.5,-9.8,-9.5,-8.9,-9.6,-10.4,-9.1,-9.1,-9.0,-9.2,-8.8,-8.9,-8.7,-9.3,-9.5,-9.3,-9.4,-7.6,-9.0,-9.8,-10.0,-9.8,-9.2,-9.4,-8.8,-8.3,-9.7,-9.1,-9.3,-8.6,-8.7,-9.2,-9.9,-8.8,-9.7,-9.0,-9.7,-8.1,-8.5,-8.3,-8.6,-8.7,-9.1,-8.2,-9.0,-9.5,-8.3,-9.7,-9.1,-9.2,-9.3,-9.2,-9.8,-9.4,-9.1,-8.9,-8.6,-8.6,-8.3,-9.0,-9.3,-9.6,-9.7,-9.9,-9.1,-9.7,-9.4,-9.4,-8.8,-9.2,-9.1,-9.0,-9.2,-8.8,-9.1,-9.2,-9.2,-9.1,-9.7,-9.2,-8.5,-8.4,-8.5,-9.6,-9.0,-9.0,-9.2,-9.2,-9.4,-8.7,-9.7,-9.7,-9.5,-8.6,-9.7,-9.4,-9.3,-9.2,-10.1,-9.4,-9.1,-9.7,-9.5,-8.8,-9.6,-9.0,-8.8,-9.1,-8.4,-9.0,-8.6,-9.3,-8.9,-8.6,-8.3,-8.7,-9.2,-9.0,-9.6,-9.3,-9.0,-9.2,1
CS20,-9.2,-9.0,-8.6,-8.9,-8.7,-8.7,-9.4,-9.6,-9.0,-8.9,-8.9,-9.3,-9.5,-9.6,-9.6,-10.0,-9.4,-9.0,-9.4,-10.4,-8.7,-8.8,-8.6,-8.9,-8.5,-9.4,-8.4,-9.4,-9.2,-9.0,-9.1,-7.5,-9.0,-9.6,-9.7,-9.7,-9.2,-9.4,-9.1,-8.4,-9.0,-9.5,-9.3,-8.3,-8.4,-9.1,-9.3,-9.0,-9.7,-8.7,-10.0,-8.1,-8.6,-8.4,-8.5,-8.9,-8.7,-8.6,-8.9,-9.0,-8.1,-9.6,-9.1,-9.2,-9.3,-9.1,-9.4,-9.1,-9.3,-8.7,-8.8,-8.7,-8.5,-9.1,-9.4,-10.0,-9.1,-10.1,-9.2,-9.9,-9.6,-10.1,-8.9,-9.3,-9.2,-8.6,-9.1,-9.0,-9.3,-9.3,-9.3,-9.2,-9.9,-9.2,-8.6,-8.6,-8.2,-9.7,-8.7,-8.8,-9.0,-9.2,-9.5,-8.5,-9.4,-10.1,-9.1,-8.7,-9.5,-9.3,-9.1,-8.9,-9.9,-9.6,-8.9,-9.2,-9.6,-8.7,-9.3,-8.3,-9.3,-8.8,-9.1,-8.7,-8.7,-9.4,-8.6,-8.4,-9.0,-8.3,-8.8,-9.3,-9.7,-9.4,-9.0,-8.7,1
CS27,-7.9,-8.2,-7.8,-7.9,-7.6,-8.4,-8.2,-8.0,-7.9,-8.2,-8.2,-8.0,-8.4,-8.1,-8.4,-8.6,-8.3,-8.1,-8.4,-8.0,-8.3,-8.1,-7.7,-7.9,-7.9,-8.4,-8.3,-7.9,-7.9,-7.7,-8.1,-6.7,-7.9,-8.8,-8.3,-7.9,-8.4,-8.7,-8.4,-6.9,-8.3,-8.0,-8.7,-8.1,-7.7,-8.5,-8.2,-8.2,-8.4,-8.0,-8.4,-7.6,-7.7,-8.0,-7.7,-8.0,-7.9,-7.9,-7.6,-8.4,-8.5,-8.4,-8.6,-8.1,-8.1,-8.4,-8.2,-8.0,-7.9,-8.0,-7.4,-7.9,-8.0,-7.6,-8.3,-8.4,-8.3,-8.3,-8.4,-8.4,-8.3,-8.1,-8.4,-8.3,-8.4,-7.9,-7.9,-8.0,-8.2,-8.2,-8.3,-8.4,-8.4,-8.2,-8.3,-7.2,-8.1,-8.0,-7.4,-7.8,-7.7,-8.2,-8.2,-7.8,-8.1,-8.1,-7.7,-7.8,-8.4,-8.5,-8.4,-8.3,-8.5,-8.2,-7.7,-8.3,-8.4,-8.4,-8.2,-8.3,-8.1,-8.5,-8.1,-7.6,-7.9,-7.9,-8.1,-7.6,-8.0,-7.7,-7.8,-7.6,-7.8,-7.9,-7.6,-8.9,0
CS29,-10.2,-9.8,-9.3,-9.6,-9.9,-9.8,-9.3,-9.8,-9.3,-10.2,-9.4,-8.8,-9.0,-10.2,-10.3,-10.7,-9.3,-9.5,-10.0,-9.6,-10.4,-9.6,-9.7,-10.1,-9.5,-10.6,-10.2,-9.6,-10.3,-9.9,-9.4,-8.8,-9.6,-9.9,-10.3,-9.8,-10.1,-10.1,-10.1,-7.8,-10.1,-9.9,-9.5,-9.7,-9.5,-10.1,-9.9,-10.3,-10.3,-10.0,-10.7,-9.5,-9.5,-9.6,-9.7,-9.5,-9.3,-9.7,-9.5,-9.8,-9.4,-10.1,-10.0,-9.9,-9.7,-9.8,-9.8,-9.7,-9.6,-9.7,-9.5,-9.5,-9.5,-9.5,-9.5,-9.9,-9.8,-10.1,-10.3,-10.1,-10.1,-10.0,-10.5,-10.2,-10.4,-9.2,-9.3,-10.2,-10.4,-10.2,-9.6,-10.6,-10.0,-10.4,-9.2,-9.1,-9.3,-9.5,-9.5,-9.4,-9.2,-9.4,-9.7,-9.5,-9.3,-9.7,-9.4,-9.7,-9.8,-10.3,-10.1,-10.3,-10.0,-9.8,-9.5,-10.0,-10.5,-9.7,-9.5,-10.0,-9.9,-10.2,-10.0,-9.4,-9.4,-9.4,-9.5,-9.7,-9.9,-9.5,-9.2,-9.7,-8.5,-9.5,-8.4,-10.5,0
CS31,-9.7,-10.3,-10.1,-9.8,-10.1,-10.5,-11.4,-10.7,-9.8,-10.6,-9.8,-9.7,-11.0,-10.3,-10.6,-10.7,-10.0,-10.1,-10.5,-10.1,-10.5,-9.7,-9.3,-10.2,-8.7,-10.6,-9.3,-9.4,-10.1,-10.7,-9.9,-9.9,-9.8,-10.1,-10.6,-10.4,-10.2,-10.3,-10.0,-10.4,-10.2,-10.0,-10.0,-9.6,-9.7,-10.3,-10.3,-9.9,-10.4,-10.9,-10.3,-10.1,-9.9,-9.4,-9.5,-9.2,-9.7,-9.6,-9.0,-10.1,-8.2,-10.8,-10.9,-10.8,-10.4,-9.7,-10.5,-10.3,-10.8,-9.6,-9.8,-9.2,-9.7,-9.8,-10.8,-10.4,-10.4,-10.7,-10.0,-10.4,-10.4,-10.1,-10.6,-9.9,-10.6,-10.5,-10.2,-10.4,-10.7,-11.5,-10.4,-10.3,-9.9,-10.2,-9.0,-10.2,-9.4,-10.2,-10.3,-10.2,-10.3,-10.0,-10.3,-9.8,-10.2,-10.9,-10.5,-9.4,-10.3,-10.7,-10.4,-10.1,-10.1,-10.1,-9.2,-10.0,-10.0,-9.7,-9.7,-9.6,-9.3,-9.4,-9.4,-9.5,-10.0,-10.5,-10.0,-9.8,-9.9,-10.2,-9.8,-10.0,-10.1,-10.2,-8.5,-9.1,0
CS32,-9.2,-9.8,-8.6,-8.7,-9.8,-9.2,-9.4,-9.4,-8.6,-9.7,-9.8,-9.6,-10.2,-9.8,-10.6,-10.5,-9.4,-9.9,-10.0,-10.4,-9.9,-9.4,-9.4,-9.3,-9.2,-9.5,-9.2,-9.4,-9.2,-8.7,-8.6,-7.6,-9.1,-9.4,-9.5,-9.6,-10.2,-10.0,-9.3,-8.9,-9.5,-9.4,-9.7,-9.2,-8.8,-9.2,-9.6,-9.3,-9.8,-9.1,-10.2,-8.6,-8.9,-9.2,-9.1,-9.0,-9.0,-9.4,-9.9,-9.6,-8.3,-9.9,-9.4,-9.8,-9.7,-9.3,-9.5,-9.6,-9.6,-9.1,-9.1,-8.9,-9.0,-9.2,-9.6,-9.8,-9.1,-9.7,-9.4,-9.5,-9.5,-9.6,-8.8,-9.6,-9.8,-8.6,-9.1,-9.7,-9.5,-10.1,-9.5,-9.3,-9.5,-9.9,-9.1,-9.2,-9.0,-9.2,-9.2,-9.2,-9.6,-8.9,-9.5,-8.7,-8.8,-9.8,-9.4,-9.2,-9.3,-8.6,-9.6,-9.4,-9.8,-9.6,-9.6,-9.4,-9.5,-9.2,-8.9,-9.1,-9.8,-9.1,-9.4,-8.9,-8.8,-9.6,-8.9,-8.2,-9.1,-8.7,-8.8,-9.1,-9.7,-9.6,-9.0,-8.7,0
CS33,-7.0,-8.8,-8.3,-8.4,-6.5,-9.5,-8.9,-7.0,-6.5,-8.4,-7.9,-6.0,-8.5,-6.4,-9.3,-7.5,-7.9,-6.0,-7.9,-9.0,-8.0,-6.9,-9.3,-6.6,-6.6,-9.8,-9.5,-6.0,-8.7,-8.5,-8.0,-5.4,-6.9,-7.8,-7.0,-6.8,-9.5,-7.8,-9.6,-6.5,-7.2,-6.8,-7.0,-7.0,-8.0,-6.9,-6.8,-7.0,-9.1,-6.3,-9.1,-6.5,-6.5,-6.7,-6.8,-6.7,-6.7,-6.7,-6.7,-9.6,-8.2,-9.6,-6.7,-6.6,-6.3,-9.1,-9.5,-9.3,-9.0,-6.6,-6.7,-9.3,-6.5,-6.5,-6.8,-6.4,-6.4,-9.6,-6.1,-6.6,-6.2,-6.3,-9.2,-6.4,-9.6,-6.6,-6.8,-7.9,-9.2,-8.9,-9.2,-9.4,-9.2,-8.5,-6.7,-6.7,-6.8,-6.9,-6.6,-6.6,-6.3,-6.8,-6.4,-6.5,-6.6,-6.7,-6.8,-7.0,-6.7,-6.4,-9.3,-9.1,-9.2,-9.2,-9.1,-9.3,-6.3,-6.8,-7.0,-6.7,-6.7,-6.6,-6.6,-6.6,-6.7,-6.5,-6.5,-6.5,-6.7,-6.8,-6.9,-9.2,-6.8,-6.2,-7.1,-6.4,0
CS34,-9.5,-9.9,-9.8,-8.7,-8.6,-9.3,-9.9,-10.3,-9.2,-10.2,-8.9,-9.5,-10.6,-10.5,-10.2,-10.6,-10.0,-10.1,-10.1,-10.6,-9.6,-9.1,-8.7,-8.1,-9.2,-9.2,-9.4,-8.6,-9.2,-8.9,-9.3,-7.5,-8.8,-8.8,-8.6,-9.0,-9.6,-9.8,-9.5,-8.6,-9.2,-9.0,-9.2,-9.2,-8.3,-9.3,-9.3,-9.8,-9.6,-9.0,-10.2,-8.4,-9.2,-9.1,-8.9,-8.9,-9.0,-9.1,-8.8,-9.9,-8.2,-9.9,-10.1,-9.9,-10.0,-9.7,-10.2,-10.0,-9.9,-8.9,-8.7,-9.1,-9.1,-9.4,-10.1,-10.9,-9.3,-9.8,-9.9,-10.4,-10.2,-10.2,-8.7,-9.2,-8.9,-8.9,-9.3,-9.5,-9.5,-9.3,-9.8,-9.6,-9.4,-9.5,-8.9,-8.7,-9.4,-9.3,-9.2,-9.1,-9.2,-9.1,-9.6,-8.6,-9.2,-10.1,-9.1,-9.5,-9.6,-9.2,-9.4,-9.4,-10.6,-10.0,-8.8,-9.4,-10.1,-9.2,-9.6,-9.5,-8.9,-9.2,-8.9,-9.2,-8.5,-9.6,-8.7,-8.9,-9.0,-9.2,-8.9,-9.3,-10.1,-10.0,-8.9,-9.1,0
CS36,-9.9,-10.9,-9.9,-10.3,-9.9,-10.0,-9.4,-10.2,-10.4,-10.7,-10.0,-10.2,-10.2,-10.2,-10.7,-10.0,-10.4,-9.9,-10.6,-9.8,-11.2,-9.3,-10.2,-9.5,-9.4,-10.2,-9.6,-10.3,-10.0,-10.0,-10.0,-8.8,-8.9,-10.6,-9.7,-10.0,-9.9,-10.1,-9.9,-9.7,-10.3,-10.4,-9.9,-10.2,-9.8,-9.4,-9.4,-9.4,-10.4,-9.9,-11.4,-9.0,-9.2,-9.8,-9.0,-10.1,-9.5,-9.7,-9.6,-9.7,-10.0,-10.6,-10.2,-10.5,-9.6,-9.8,-10.0,-9.8,-9.2,-9.9,-9.6,-9.6,-9.3,-9.7,-9.9,-10.1,-9.9,-11.0,-9.3,-10.0,-9.6,-9.7,-9.9,-9.3,-10.2,-9.6,-10.0,-10.3,-10.2,-10.3,-9.3,-10.3,-9.4,-10.4,-9.5,-9.2,-10.0,-10.1,-9.0,-9.9,-10.5,-10.5,-9.2,-9.5,-9.9,-9.9,-10.0,-9.3,-10.1,-10.1,-9.9,-9.0,-10.4,-9.4,-9.7,-10.4,-9.2,-10.1,-10.8,-9.7,-10.0,-9.9,-9.8,-9.9,-9.3,-9.2,-9.3,-9.7,-9.3,-9.5,-10.1,-9.5,-10.4,-10.3,-9.5,-10.1,0
CS37,-10.1,-10.2,-9.6,-10.7,-8.1,-8.2,-8.7,-9.2,-8.4,-9.1,-9.6,-9.3,-9.8,-9.1,-8.8,-9.1,-9.3,-9.3,-9.9,-9.8,-9.5,-8.6,-10.5,-8.8,-8.7,-9.8,-10.2,-10.5,-9.5,-9.7,-9.5,-8.8,-9.4,-10.7,-10.3,-10.5,-9.7,-9.3,-8.4,-7.8,-9.0,-9.0,-8.2,-8.7,-8.3,-10.2,-8.8,-8.5,-9.4,-8.9,-10.3,-7.7,-10.2,-8.3,-8.7,-10.5,-8.5,-8.5,-8.8,-9.3,-9.4,-8.8,-9.1,-10.7,-9.3,-10.5,-9.4,-9.1,-9.1,-10.0,-8.6,-10.6,-8.2,-9.6,-8.6,-8.4,-8.7,-9.8,-9.0,-8.9,-8.9,-8.9,-8.8,-8.9,-9.5,-9.8,-10.2,-10.1,-9.4,-9.1,-9.1,-9.2,-9.0,-11.3,-8.4,-8.2,-8.5,-10.5,-8.3,-8.5,-9.6,-8.4,-8.9,-9.5,-10.0,-10.5,-8.9,-8.4,-10.0,-8.9,-10.7,-10.2,-11.1,-10.7,-8.6,-9.1,-9.4,-8.7,-8.7,-8.7,-11.1,-9.3,-10.6,-10.2,-8.6,-8.9,-10.0,-10.6,-8.5,-9.2,-10.1,-10.6,-8.6,-9.9,-8.4,-10.1,0
CS38,-10.0,-9.5,-8.9,-8.9,-9.8,-9.4,-9.0,-9.0,-8.8,-8.8,-9.0,-8.4,-9.0,-9.2,-9.7,-9.9,-8.7,-8.6,-10.0,-9.1,-9.5,-9.5,-9.9,-10.7,-9.9,-9.5,-9.9,-9.4,-9.0,-8.7,-9.3,-8.2,-9.9,-8.5,-9.7,-10.0,-8.9,-8.4,-9.7,-9.1,-9.8,-9.9,-8.1,-9.3,-8.4,-9.8,-10.1,-9.9,-9.7,-9.4,-8.7,-9.2,-9.5,-8.9,-9.5,-9.5,-10.0,-9.9,-10.3,-9.5,-8.4,-9.4,-9.5,-9.4,-9.0,-9.3,-9.6,-9.6,-9.5,-9.9,-9.8,-9.9,-9.2,-9.2,-9.3,-9.9,-9.8,-9.2,-8.9,-9.4,-9.1,-9.2,-9.6,-9.2,-9.6,-9.2,-9.3,-8.8,-8.9,-8.8,-9.3,-9.7,-9.3,-9.1,-10.0,-9.7,-9.9,-9.7,-9.3,-9.2,-8.6,-9.5,-9.3,-9.6,-9.7,-9.2,-9.4,-9.9,-9.6,-9.4,-9.9,-9.8,-9.4,-9.8,-10.4,-9.9,-9.2,-10.1,-9.6,-9.8,-10.9,-10.1,-9.8,-9.1,-9.2,-8.9,-9.3,-9.1,-9.6,-9.6,-9.3,-9.6,-9.4,-9.5,-9.1,-9.0,0
CS41,-9.6,-9.6,-9.2,-9.4,-9.7,-10.0,-9.8,-10.0,-9.0,-10.5,-8.0,-8.4,-9.2,-8.6,-9.3,-9.7,-9.3,-9.4,-9.4,-9.4,-9.9,-10.0,-10.1,-10.1,-9.8,-10.2,-10.5,-9.8,-10.0,-9.5,-9.5,-8.4,-10.0,-9.7,-10.8,-9.9,-9.9,-10.1,-10.6,-8.9,-10.5,-10.3,-10.0,-9.9,-9.3,-10.4,-9.9,-9.7,-10.4,-10.0,-10.0,-9.1,-9.4,-9.2,-9.2,-9.9,-10.0,-9.7,-10.0,-10.4,-9.4,-10.5,-10.1,-10.1,-9.0,-10.1,-10.5,-9.9,-10.0,-10.2,-9.8,-9.7,-9.5,-9.1,-9.6,-10.5,-9.7,-10.2,-9.6,-10.2,-8.8,-9.8,-10.3,-9.6,-10.7,-9.7,-9.6,-9.6,-9.8,-9.9,-10.1,-10.3,-10.5,-10.0,-9.5,-9.4,-10.1,-9.6,-9.4,-9.2,-9.9,-9.8,-10.1,-10.1,-9.4,-9.8,-10.3,-9.6,-10.2,-9.9,-9.9,-10.0,-9.2,-9.7,-10.0,-10.1,-9.2,-9.9,-9.9,-10.3,-10.4,-10.8,-10.1,-9.4,-10.0,-8.8,-9.7,-9.4,-9.8,-9.6,-9.6,-9.6,-9.6,-10.0,-8.7,-9.9,0
CS46,-9.0,-7.7,-7.0,-7.1,-8.5,-8.6,-7.9,-8.1,-7.6,-9.3,-7.4,-8.1,-7.4,-7.9,-7.5,-7.6,-7.0,-6.4,-7.2,-7.8,-7.6,-9.0,-8.4,-8.9,-9.1,-8.8,-8.5,-8.1,-7.5,-7.2,-8.1,-6.8,-9.0,-8.4,-8.5,-8.9,-7.1,-7.6,-8.8,-8.4,-8.8,-8.5,-7.4,-8.8,-8.3,-9.2,-9.1,-8.9,-8.2,-8.9,-7.4,-8.2,-8.7,-8.2,-8.4,-8.9,-8.9,-8.9,-9.0,-8.4,-7.4,-8.3,-8.6,-8.2,-7.4,-8.1,-8.4,-8.9,-8.7,-8.2,-8.9,-8.9,-8.6,-8.1,-8.4,-8.6,-8.0,-8.8,-9.0,-8.6,-7.4,-7.4,-9.2,-9.0,-9.1,-8.1,-8.6,-9.2,-9.4,-9.3,-7.3,-9.4,-8.4,-9.2,-8.7,-8.7,-8.9,-9.0,-8.4,-8.6,-8.1,-8.3,-8.1,-8.4,-8.6,-8.3,-8.4,-8.8,-8.4,-9.0,-9.1,-9.3,-8.4,-8.8,-8.9,-7.2,-7.4,-9.1,-8.7,-8.5,-9.2,-8.2,-9.2,-8.9,-8.3,-8.2,-8.5,-8.4,-8.8,-8.7,-8.3,-8.8,-8.6,-8.2,-9.2,-8.1,0
CS47,-8.3,-9.7,-9.0,-9.0,-8.9,-7.8,-8.0,-9.8,-7.6,-10.0,-8.0,-9.5,-9.6,-9.0,-8.7,-8.6,-8.4,-7.8,-8.7,-8.8,-9.7,-8.7,-8.1,-9.5,-8.7,-10.1,-8.7,-8.3,-9.1,-8.9,-9.0,-8.3,-8.3,-9.4,-8.8,-8.6,-8.6,-8.4,-9.4,-7.9,-8.7,-8.2,-8.1,-8.2,-8.7,-8.3,-9.8,-8.8,-9.3,-8.3,-8.6,-7.9,-8.0,-8.2,-8.2,-8.3,-9.2,-9.5,-8.6,-8.3,-8.2,-9.2,-9.6,-8.5,-8.5,-8.2,-8.4,-8.0,-8.2,-9.8,-8.9,-9.9,-8.2,-7.9,-8.1,-8.4,-8.0,-10.0,-8.6,-8.3,-8.5,-8.5,-9.7,-10.2,-8.3,-9.3,-8.3,-8.3,-9.7,-8.5,-8.3,-8.6,-8.4,-8.5,-8.5,-9.2,-9.6,-9.7,-7.5,-7.4,-8.0,-8.9,-8.0,-7.9,-8.2,-9.4,-8.1,-9.7,-8.2,-8.1,-8.3,-9.3,-9.3,-9.0,-8.1,-9.5,-8.5,-8.6,-9.3,-8.1,-10.6,-10.1,-8.4,-7.9,-9.5,-8.3,-9.5,-8.8,-9.2,-8.9,-8.7,-7.9,-7.5,-8.6,-8.7,-9.4,0
CS49,-9.3,-9.6,-9.9,-9.7,-9.1,-10.2,-9.9,-9.9,-8.9,-11.1,-9.5,-10.2,-11.1,-10.0,-10.2,-10.9,-9.5,-9.9,-10.7,-11.2,-10.5,-9.4,-10.0,-9.9,-9.1,-10.0,-10.1,-9.6,-10.2,-10.2,-10.0,-8.1,-10.2,-10.3,-10.0,-9.2,-10.3,-10.4,-9.4,-8.9,-10.2,-10.5,-10.1,-9.7,-9.6,-10.6,-9.7,-10.4,-10.6,-10.8,-10.3,-9.7,-9.3,-9.2,-9.3,-9.5,-9.3,-9.4,-9.9,-10.3,-9.6,-9.8,-10.3,-10.3,-9.9,-10.7,-10.3,-10.0,-10.1,-9.6,-9.8,-9.1,-9.2,-9.5,-10.0,-10.3,-9.9,-10.9,-9.9,-9.7,-10.2,-10.7,-9.7,-9.9,-10.8,-8.9,-9.5,-10.9,-11.0,-10.4,-9.9,-10.9,-9.9,-10.5,-9.7,-9.3,-9.5,-9.9,-9.6,-9.2,-9.5,-8.6,-10.7,-9.3,-9.8,-10.6,-8.9,-9.7,-9.2,-9.9,-11.5,-11.2,-11.3,-9.9,-9.0,-10.3,-10.3,-10.3,-9.9,-9.6,-9.0,-9.2,-10.0,-9.7,-9.7,-9.7,-10.1,-10.3,-9.2,-9.5,-9.7,-9.3,-9.6,-10.0,-9.2,-10.1,0
CS53,-8.3,-8.2,-7.9,-7.3,-7.6,-8.2,-8.3,-8.1,-7.7,-8.0,-7.2,-8.0,-8.5,-8.1,-8.3,-8.7,-7.6,-7.9,-8.7,-9.0,-8.3,-7.9,-7.3,-8.0,-7.7,-8.3,-8.2,-7.7,-7.8,-7.8,-8.1,-6.8,-7.9,-7.9,-8.4,-7.9,-8.5,-9.0,-8.0,-6.9,-8.2,-7.9,-8.2,-7.7,-7.0,-8.0,-7.8,-7.5,-8.7,-7.8,-8.3,-7.8,-7.3,-7.5,-7.5,-7.3,-7.4,-7.8,-7.3,-7.7,-7.7,-8.4,-8.0,-8.3,-8.5,-8.5,-8.1,-8.3,-8.8,-8.1,-7.7,-7.7,-7.5,-8.3,-8.7,-8.5,-8.1,-8.6,-8.7,-8.8,-8.7,-8.6,-8.6,-8.5,-7.6,-8.0,-8.0,-8.4,-8.5,-8.5,-8.5,-8.6,-8.8,-8.6,-7.8,-7.1,-7.8,-7.9,-7.9,-7.8,-7.8,-7.7,-8.0,-7.7,-7.9,-8.1,-7.8,-7.6,-8.3,-7.6,-8.1,-8.0,-8.7,-8.2,-7.9,-8.1,-8.5,-7.8,-8.0,-8.5,-7.7,-8.4,-8.0,-7.3,-7.9,-8.5,-7.5,-7.3,-7.4,-7.5,-7.7,-7.6,-7.7,-7.8,-7.1,-8.2,0
CS55,-9.2,-8.2,-8.0,-7.9,-8.5,-8.6,-8.5,-8.4,-8.1,-8.5,-8.6,-8.5,-8.7,-9.0,-8.5,-9.5,-8.3,-8.1,-9.3,-9.1,-8.5,-8.8,-9.6,-9.8,-9.3,-9.6,-8.6,-7.9,-8.0,-8.3,-8.5,-7.9,-8.7,-8.3,-9.0,-9.0,-8.6,-9.2,-8.6,-8.0,-8.8,-8.7,-8.1,-9.2,-7.3,-8.7,-8.6,-8.8,-8.3,-8.3,-8.3,-8.6,-9.0,-9.4,-9.4,-8.8,-9.1,-9.4,-8.4,-8.3,-7.8,-8.8,-8.8,-8.3,-8.5,-8.1,-8.5,-8.3,-8.4,-8.5,-9.1,-8.8,-9.1,-8.0,-8.8,-8.5,-8.5,-8.6,-8.6,-8.6,-8.6,-8.7,-8.9,-8.4,-8.5,-8.6,-8.9,-8.4,-8.5,-8.6,-8.4,-8.5,-8.6,-8.6,-8.4,-8.3,-8.6,-9.0,-8.6,-8.7,-8.0,-8.9,-8.2,-8.2,-8.8,-8.3,-8.2,-8.9,-8.4,-8.4,-8.4,-8.4,-8.5,-8.4,-9.2,-8.3,-8.5,-8.5,-9.0,-9.1,-9.2,-8.9,-9.3,-8.7,-8.4,-8.2,-8.2,-8.6,-9.6,-8.7,-8.5,-9.1,-8.3,-8.8,-8.8,-8.1,0
CS58,-9.5,-9.4,-8.8,-8.7,-9.2,-9.4,-9.6,-9.9,-9.3,-9.0,-8.9,-9.4,-9.2,-8.5,-9.6,-9.5,-8.6,-8.7,-9.4,-9.7,-9.4,-9.7,-9.9,-10.2,-9.8,-8.8,-9.5,-8.6,-9.3,-9.3,-9.1,-7.5,-9.8,-8.6,-9.9,-8.5,-9.3,-9.3,-8.8,-9.6,-9.4,-9.3,-9.0,-9.4,-8.2,-9.8,-10.0,-9.8,-9.0,-9.4,-9.2,-9.1,-9.5,-9.0,-9.4,-10.3,-9.2,-9.1,-10.4,-9.3,-8.4,-9.7,-9.6,-9.3,-9.2,-9.2,-8.8,-9.5,-9.1,-9.6,-9.4,-9.4,-9.6,-8.6,-8.9,-9.4,-8.9,-10.0,-9.4,-9.0,-9.2,-9.3,-9.4,-9.5,-9.8,-9.6,-8.9,-9.6,-9.6,-9.5,-9.2,-9.3,-9.5,-9.3,-10.1,-10.0,-9.8,-10.2,-9.5,-9.9,-9.4,-9.3,-9.3,-9.1,-9.4,-9.5,-9.3,-9.4,-9.4,-9.1,-9.1,-9.0,-9.3,-9.3,-9.5,-9.5,-9.3,-9.6,-9.3,-9.8,-9.7,-9.3,-9.8,-9.2,-9.2,-9.1,-9.8,-9.2,-9.5,-9.7,-9.2,-9.4,-8.4,-9.1,-9.8,-9.5,0
CS59,-9.6,-10.4,-10.0,-8.3,-8.3,-9.3,-9.7,-10.3,-9.6,-10.3,-10.0,-10.2,-11.0,-9.8,-10.2,-11.3,-10.5,-8.9,-10.1,-11.5,-10.6,-8.9,-8.3,-10.5,-9.2,-9.3,-8.4,-8.9,-9.2,-9.3,-8.7,-9.0,-9.4,-10.5,-10.9,-10.3,-10.8,-9.4,-10.1,-9.0,-11.1,-10.4,-10.3,-9.2,-8.5,-9.7,-8.5,-8.8,-10.6,-10.4,-10.5,-8.3,-8.6,-9.9,-8.0,-9.0,-8.4,-8.2,-9.4,-10.1,-7.9,-9.5,-9.4,-9.2,-9.8,-9.7,-9.9,-10.6,-9.8,-10.1,-8.5,-8.8,-8.7,-9.5,-9.9,-10.2,-9.9,-11.0,-9.9,-9.9,-9.9,-10.1,-8.2,-10.2,-9.4,-8.7,-10.2,-9.6,-9.8,-9.7,-9.8,-9.7,-10.0,-9.8,-9.4,-8.5,-10.1,-9.3,-10.0,-9.2,-9.3,-10.2,-9.5,-9.0,-10.2,-9.7,-10.6,-8.5,-10.5,-9.9,-9.9,-9.5,-10.1,-10.5,-10.7,-10.6,-10.0,-8.3,-10.3,-9.3,-8.8,-8.9,-7.8,-7.9,-10.0,-9.8,-10.0,-8.4,-8.5,-8.5,-9.6,-8.5,-9.4,-9.6,-9.3,-9.0,0
CS64,-9.9,-9.5,-9.0,-9.4,-9.3,-9.4,-8.8,-8.9,-8.6,-9.7,-8.8,-8.8,-9.3,-8.9,-9.3,-9.1,-8.4,-8.8,-9.2,-9.5,-9.8,-9.6,-9.0,-9.9,-9.6,-9.4,-8.9,-8.4,-9.3,-8.8,-9.2,-8.2,-9.7,-9.6,-9.2,-10.2,-8.9,-9.6,-9.3,-9.2,-9.0,-8.8,-9.1,-9.5,-8.4,-9.7,-9.8,-9.7,-9.4,-9.5,-8.4,-9.0,-9.4,-9.1,-8.9,-9.8,-9.7,-7.8,-9.4,-9.4,-8.4,-9.3,-9.6,-8.7,-9.4,-9.3,-8.5,-8.9,-9.2,-9.0,-9.2,-7.6,-9.4,-8.8,-9.0,-8.7,-8.9,-8.7,-9.1,-9.4,-9.1,-9.4,-8.9,-9.3,-9.1,-9.5,-9.3,-9.1,-9.0,-9.1,-9.4,-9.4,-9.8,-8.7,-9.1,-9.6,-9.2,-9.7,-9.1,-9.3,-9.0,-9.2,-9.5,-8.7,-9.5,-8.4,-9.6,-9.5,-9.7,-9.2,-9.3,-9.5,-9.5,-9.2,-9.1,-9.3,-9.4,-9.2,-9.4,-9.3,-9.0,-9.5,-9.7,-9.3,-8.7,-9.0,-9.4,-9.4,-9.5,-9.2,-8.8,-8.9,-9.0,-8.4,-8.8,-8.8,0
CS65,-8.7,-7.1,-8.4,-8.2,-8.5,-9.1,-8.1,-8.1,-8.5,-9.2,-8.0,-8.3,-8.1,-8.5,-8.9,-8.9,-8.0,-7.5,-8.4,-8.8,-7.5,-8.7,-8.7,-8.6,-8.7,-9.0,-9.5,-8.9,-8.4,-8.6,-8.7,-6.3,-9.0,-8.2,-8.2,-8.6,-8.5,-8.8,-9.3,-8.6,-9.5,-9.5,-9.2,-9.2,-8.5,-8.5,-8.9,-8.7,-9.1,-8.9,-8.3,-9.4,-8.8,-8.6,-8.6,-7.6,-8.7,-8.9,-9.1,-8.0,-7.6,-9.4,-9.3,-9.2,-8.3,-8.9,-8.5,-8.7,-7.8,-9.3,-8.7,-9.0,-8.9,-8.3,-8.6,-8.4,-9.2,-9.2,-9.1,-8.8,-8.6,-8.7,-9.3,-9.1,-9.0,-8.5,-7.8,-9.0,-8.8,-8.7,-8.7,-9.1,-9.0,-8.9,-9.1,-8.9,-8.5,-8.2,-7.7,-7.9,-7.9,-8.4,-8.9,-8.7,-8.6,-8.0,-8.7,-8.8,-8.7,-9.2,-8.9,-9.1,-9.1,-8.8,-8.4,-9.1,-9.1,-8.8,-8.3,-9.0,-9.4,-9.2,-8.5,-8.5,-9.1,-8.9,-8.0,-8.3,-8.9,-9.1,-7.7,-9.1,-9.3,-8.2,-8.4,-9.5,0
CS66,-8.1,-9.5,-8.9,-8.9,-8.9,-11.0,-10.7,-8.5,-7.7,-8.4,-7.9,-9.5,-9.2,-9.4,-8.0,-8.9,-9.3,-9.0,-8.9,-8.3,-9.7,-8.6,-8.3,-8.7,-8.7,-10.4,-9.5,-9.5,-9.9,-9.5,-9.5,-6.8,-8.7,-8.0,-9.0,-8.8,-10.3,-8.5,-11.4,-7.8,-9.5,-8.2,-9.5,-10.2,-8.7,-10.2,-11.0,-8.6,-9.5,-10.5,-10.1,-9.0,-10.4,-8.6,-9.8,-8.6,-8.6,-10.4,-8.9,-7.9,-9.6,-11.0,-10.9,-10.7,-8.4,-10.8,-11.3,-9.1,-10.1,-8.2,-10.2,-8.7,-8.8,-7.4,-7.6,-8.2,-10.5,-10.2,-8.5,-8.3,-8.2,-8.4,-9.7,-9.6,-11.7,-8.3,-8.1,-10.1,-10.2,-8.6,-8.7,-11.6,-8.4,-9.0,-8.2,-8.2,-10.5,-8.7,-9.8,-8.1,-9.7,-8.2,-8.0,-10.9,-8.8,-10.4,-10.5,-8.7,-9.1,-10.9,-11.1,-9.6,-9.6,-10.9,-8.5,-9.3,-8.9,-10.7,-8.7,-8.5,-9.5,-9.6,-10.9,-8.1,-10.2,-7.7,-9.7,-8.4,-8.8,-10.1,-8.6,-10.4,-8.2,-11.0,-8.4,-10.4,0
CS67,-10.3,-9.8,-9.2,-8.9,-10.6,-9.4,-10.2,-10.9,-9.4,-10.6,-9.4,-10.4,-10.0,-9.9,-9.3,-10.2,-9.2,-9.3,-10.1,-10.0,-9.9,-10.1,-10.4,-11.0,-10.4,-10.6,-9.6,-8.6,-10.0,-10.0,-8.6,-8.3,-10.8,-9.8,-11.0,-10.7,-9.8,-9.4,-10.0,-10.3,-10.2,-10.4,-10.1,-9.6,-10.4,-10.3,-10.7,-10.3,-10.0,-10.1,-9.9,-9.2,-9.9,-9.7,-9.8,-10.9,-10.0,-9.6,-11.4,-9.6,-7.2,-10.2,-9.7,-9.8,-9.3,-9.9,-10.3,-10.1,-10.0,-9.1,-10.5,-10.3,-10.1,-8.6,-9.0,-9.5,-9.4,-10.0,-9.5,-10.3,-9.8,-9.8,-10.0,-10.1,-9.7,-10.1,-9.9,-9.9,-10.8,-9.7,-9.4,-10.2,-9.8,-10.2,-10.8,-10.6,-10.5,-11.0,-10.2,-10.5,-8.9,-9.5,-9.4,-10.2,-10.1,-10.6,-9.8,-10.2,-10.3,-9.7,-9.6,-9.8,-9.3,-10.0,-10.5,-9.9,-9.9,-10.4,-10.3,-9.9,-10.7,-9.7,-10.6,-9.6,-9.4,-7.7,-10.5,-9.9,-10.1,-9.9,-9.9,-9.9,-9.0,-9.7,-10.3,-9.3,0
CS68,-8.8,-9.4,-9.5,-9.8,-9.3,-8.9,-9.7,-8.9,-8.2,-9.6,-9.5,-9.5,-9.8,-9.4,-10.0,-9.5,-9.0,-9.2,-9.6,-9.7,-9.5,-9.6,-8.9,-9.3,-9.2,-9.1,-9.1,-9.4,-10.5,-10.0,-10.2,-7.4,-9.6,-9.7,-9.7,-8.9,-9.6,-9.7,-8.6,-7.9,-9.3,-10.0,-10.1,-9.2,-9.4,-10.4,-9.9,-9.5,-9.6,-9.4,-9.4,-9.0,-8.7,-8.5,-8.6,-9.8,-9.1,-8.8,-9.9,-9.0,-8.4,-9.8,-9.2,-9.6,-9.5,-9.4,-9.2,-9.4,-8.9,-9.9,-8.5,-9.2,-9.0,-8.6,-9.2,-9.7,-8.6,-8.7,-9.8,-9.8,-9.6,-9.5,-9.7,-9.3,-10.3,-9.5,-9.7,-10.0,-10.3,-10.0,-9.0,-9.8,-8.5,-9.8,-9.5,-9.3,-9.7,-9.9,-9.7,-10.0,-9.2,-9.1,-9.1,-9.2,-10.0,-9.4,-9.0,-9.2,-9.1,-9.5,-9.7,-10.2,-9.7,-9.3,-9.2,-9.3,-9.3,-9.3,-9.8,-9.2,-9.4,-8.6,-9.6,-9.4,-9.2,-9.0,-9.9,-8.9,-8.9,-9.1,-9.8,-9.0,-8.8,-9.3,-9.1,-9.3,0
CS69,-8.2,-7.7,-7.6,-7.5,-8.2,-8.4,-7.9,-7.5,-7.8,-7.3,-7.4,-7.8,-8.4,-8.6,-8.1,-8.8,-8.0,-7.6,-8.4,-8.6,-8.0,-8.3,-8.0,-7.9,-8.2,-7.9,-8.4,-7.7,-8.1,-7.7,-7.4,-6.5,-8.3,-7.7,-8.1,-8.4,-8.0,-8.4,-8.6,-8.1,-8.4,-8.4,-8.0,-8.2,-7.0,-8.8,-8.4,-8.5,-8.2,-7.8,-8.2,-7.5,-8.2,-7.8,-8.0,-8.1,-8.5,-8.4,-8.6,-8.1,-6.8,-8.2,-8.2,-8.0,-7.9,-7.7,-8.3,-8.1,-8.1,-8.1,-8.4,-8.4,-8.1,-7.6,-8.0,-8.7,-8.2,-8.6,-7.9,-8.3,-8.1,-8.2,-7.0,-7.9,-7.9,-7.9,-8.0,-7.7,-8.0,-8.1,-7.8,-7.9,-8.1,-7.9,-8.4,-8.3,-8.7,-8.1,-7.8,-7.9,-7.5,-8.1,-7.8,-8.5,-7.9,-8.3,-8.1,-8.6,-8.0,-7.9,-7.9,-7.9,-8.3,-7.9,-8.6,-8.3,-8.1,-8.6,-8.0,-8.2,-8.9,-8.0,-8.7,-8.0,-7.9,-7.9,-8.0,-8.1,-8.4,-8.1,-7.7,-8.4,-8.1,-8.0,-7.9,-7.8,0
CS70,-9.2,-9.3,-9.6,-9.2,-9.3,-9.6,-9.5,-9.8,-8.7,-10.2,-9.1,-9.9,-9.3,-9.5,-9.6,-9.7,-9.4,-9.4,-9.6,-10.1,-9.2,-9.4,-9.4,-10.1,-9.7,-10.0,-10.1,-9.1,-9.2,-9.4,-9.2,-7.7,-9.7,-9.5,-9.7,-10.0,-10.2,-9.7,-9.8,-8.8,-9.8,-9.6,-10.1,-9.2,-8.9,-9.9,-10.1,-10.1,-10.5,-9.7,-10.5,-9.4,-9.3,-8.8,-9.1,-9.2,-9.3,-9.5,-9.9,-9.7,-8.6,-9.2,-10.3,-9.9,-9.7,-9.8,-9.5,-9.6,-9.4,-9.4,-9.0,-9.3,-9.1,-9.3,-9.3,-9.8,-9.9,-9.6,-9.7,-9.5,-9.7,-9.6,-9.7,-10.3,-10.2,-8.7,-8.8,-10.2,-10.2,-9.9,-9.6,-10.6,-10.2,-10.6,-10.0,-9.4,-9.3,-9.1,-8.7,-9.5,-9.1,-9.0,-9.5,-9.4,-9.1,-9.7,-9.6,-9.7,-9.5,-9.7,-9.7,-9.9,-10.2,-9.5,-8.8,-9.8,-10.0,-10.0,-9.2,-9.5,-9.4,-9.5,-9.8,-8.9,-9.1,-9.8,-9.0,-8.8,-9.4,-9.0,-9.7,-9.1,-9.4,-9.4,-8.9,-10.1,0
CS71,-9.8,-9.9,-10.1,-9.8,-10.1,-10.5,-10.4,-10.7,-8.4,-11.1,-9.9,-10.3,-11.0,-9.5,-10.1,-11.0,-10.6,-9.8,-10.7,-11.1,-10.4,-9.3,-9.9,-10.3,-9.6,-10.5,-11.1,-9.3,-10.9,-10.1,-10.4,-7.8,-9.1,-9.8,-10.2,-10.1,-10.9,-9.5,-10.2,-8.6,-9.3,-10.5,-10.9,-9.0,-9.6,-9.4,-10.5,-9.1,-11.0,-11.2,-10.8,-8.4,-8.9,-9.7,-9.6,-9.3,-9.3,-9.7,-10.2,-8.5,-9.4,-10.7,-11.0,-10.6,-10.7,-8.7,-10.5,-10.6,-10.6,-10.1,-9.0,-9.2,-9.3,-8.7,-9.0,-11.3,-10.5,-11.6,-9.2,-10.7,-10.8,-9.0,-8.6,-10.8,-10.7,-9.4,-9.2,-9.1,-10.9,-11.1,-9.0,-9.4,-8.8,-11.0,-8.8,-10.0,-9.2,-9.4,-8.8,-9.1,-9.8,-9.1,-8.9,-8.8,-9.7,-10.6,-9.6,-10.3,-9.6,-10.2,-10.9,-11.0,-11.3,-10.6,-10.5,-11.0,-9.3,-10.3,-9.5,-10.2,-11.2,-9.0,-9.9,-10.7,-10.8,-9.8,-8.9,-9.2,-9.4,-9.6,-9.0,-9.7,-9.4,-10.6,-8.9,-8.8,0
CS72,-9.9,-10.6,-8.8,-9.3,-9.1,-9.5,-9.2,-9.7,-8.7,-9.6,-9.0,-9.7,-10.3,-9.5,-9.5,-9.9,-9.4,-8.6,-10.1,-9.6,-10.7,-9.7,-8.5,-9.5,-9.6,-9.4,-9.0,-8.6,-9.7,-9.4,-9.1,-6.8,-10.0,-9.6,-9.8,-9.3,-10.1,-9.7,-10.1,-9.2,-8.7,-9.4,-8.5,-9.2,-8.4,-9.5,-9.7,-9.7,-9.4,-9.6,-9.5,-7.4,-8.5,-9.0,-8.8,-10.0,-9.8,-9.2,-9.6,-8.9,-8.6,-10.5,-9.9,-9.1,-8.8,-8.4,-8.5,-8.7,-9.1,-8.6,-9.1,-8.5,-9.1,-9.5,-8.3,-9.2,-9.3,-10.2,-10.2,-9.2,-9.8,-8.9,-8.5,-8.8,-9.2,-8.3,-8.5,-9.8,-9.5,-9.0,-8.7,-9.7,-8.8,-9.0,-9.3,-9.5,-9.4,-9.6,-9.6,-8.5,-8.0,-8.7,-8.4,-8.0,-8.3,-9.4,-9.1,-9.4,-9.1,-8.8,-9.2,-9.5,-9.7,-9.5,-9.4,-8.6,-8.9,-9.2,-9.0,-8.4,-9.5,-8.9,-9.3,-9.3,-8.7,-8.6,-9.6,-8.3,-9.0,-9.5,-8.2,-9.1,-9.3,-9.8,-8.8,-8.6,0
CS73,-8.7,-8.0,-7.5,-7.6,-7.4,-8.8,-7.4,-7.7,-8.3,-7.6,-8.4,-7.8,-8.5,-8.8,-8.9,-8.6,-7.2,-7.6,-8.5,-8.9,-7.8,-7.6,-7.9,-8.3,-7.7,-7.9,-7.9,-7.8,-7.7,-7.2,-7.3,-7.7,-8.6,-8.3,-8.7,-8.5,-7.5,-8.9,-7.7,-7.5,-8.2,-8.0,-8.0,-8.1,-7.9,-8.4,-8.0,-8.2,-8.5,-7.5,-8.0,-6.9,-7.9,-8.2,-8.0,-8.3,-7.7,-8.0,-8.2,-8.0,-8.3,-8.5,-7.9,-8.0,-7.5,-7.7,-7.7,-7.5,-7.8,-8.2,-8.1,-7.9,-8.0,-7.7,-7.6,-8.5,-7.8,-7.7,-7.5,-8.5,-7.8,-7.4,-7.7,-7.9,-7.7,-8.1,-8.4,-7.7,-7.5,-7.7,-8.0,-7.8,-7.6,-7.6,-8.7,-8.0,-8.0,-8.8,-8.1,-8.4,-7.4,-7.7,-7.8,-7.7,-8.4,-7.8,-7.9,-7.7,-8.3,-7.9,-7.9,-7.9,-7.8,-7.7,-8.0,-8.2,-7.8,-8.4,-8.3,-7.6,-7.9,-7.7,-7.8,-7.2,-7.3,-7.9,-8.1,-8.3,-7.9,-7.0,-7.7,-7.6,-8.4,-7.2,-8.2,-7.9,0
CS74,-9.8,-10.2,-9.9,-8.2,-10.0,-9.5,-10.3,-10.8,-9.8,-9.1,-9.1,-9.5,-10.0,-10.7,-9.5,-10.7,-10.1,-9.9,-9.9,-10.0,-10.4,-9.6,-9.9,-10.3,-9.9,-10.4,-10.1,-10.6,-9.6,-9.3,-8.9,-7.7,-9.8,-10.5,-9.6,-10.3,-10.6,-10.2,-10.5,-8.5,-11.0,-10.7,-10.9,-9.8,-8.6,-10.2,-10.9,-10.0,-10.5,-9.4,-10.0,-8.9,-9.5,-9.9,-10.2,-10.7,-9.8,-9.4,-10.6,-10.3,-9.2,-11.0,-10.6,-10.1,-9.4,-9.4,-9.8,-9.5,-10.0,-9.9,-9.4,-8.7,-9.5,-9.7,-10.1,-11.2,-11.2,-10.4,-9.8,-10.5,-10.7,-10.8,-9.4,-9.4,-8.8,-10.1,-10.8,-9.4,-9.6,-9.7,-9.5,-9.8,-10.3,-9.7,-10.6,-9.8,-9.7,-9.9,-9.3,-10.2,-10.2,-10.4,-8.8,-9.5,-9.4,-10.6,-9.8,-9.6,-9.7,-9.2,-9.4,-9.0,-10.1,-9.9,-9.7,-10.2,-9.5,-10.2,-9.7,-10.6,-9.6,-9.5,-9.6,-8.3,-9.2,-9.8,-9.9,-9.6,-9.6,-9.0,-9.8,-8.9,-10.1,-10.8,-9.3,-9.3,0
CS76,-7.3,-7.7,-7.3,-7.8,-7.0,-7.3,-7.0,-6.8,-6.6,-7.4,-7.1,-7.3,-7.0,-7.4,-8.0,-7.8,-7.3,-7.0,-7.3,-7.9,-7.8,-7.5,-6.8,-7.4,-7.4,-7.1,-6.9,-6.3,-7.5,-7.4,-7.2,-5.0,-7.2,-8.0,-7.4,-7.5,-7.0,-7.3,-7.0,-6.8,-6.8,-6.6,-7.5,-6.9,-7.1,-7.2,-7.3,-7.3,-7.4,-7.2,-7.1,-6.9,-6.8,-6.7,-6.6,-7.3,-7.0,-7.1,-7.1,-7.0,-6.5,-7.4,-8.0,-7.7,-7.1,-7.2,-7.5,-7.3,-7.7,-6.8,-7.1,-6.9,-6.8,-6.5,-6.9,-7.4,-7.3,-7.3,-7.6,-7.1,-7.1,-7.0,-7.2,-7.4,-7.9,-6.7,-6.7,-7.5,-7.8,-7.3,-7.4,-7.7,-7.5,-7.7,-6.5,-7.0,-7.0,-6.9,-6.6,-6.6,-6.4,-6.8,-7.2,-6.5,-6.5,-6.9,-7.0,-6.9,-7.0,-7.3,-7.4,-7.5,-7.3,-7.2,-7.2,-6.8,-7.2,-7.4,-7.1,-6.9,-7.5,-6.8,-7.4,-6.9,-6.9,-7.3,-7.0,-6.5,-7.1,-6.6,-6.6,-6.6,-7.1,-6.6,-7.0,-7.2,0
CS77,-7.6,-10.1,-8.0,-7.9,-10.0,-9.1,-9.2,-9.7,-8.3,-10.5,-9.0,-8.2,-9.2,-8.5,-9.6,-8.8,-8.3,-8.5,-9.5,-10.0,-9.7,-8.8,-7.9,-8.5,-8.9,-9.0,-8.5,-7.7,-8.6,-9.1,-9.1,-9.2,-9.1,-9.4,-8.5,-8.7,-9.3,-9.5,-9.5,-8.1,-9.8,-8.9,-8.9,-8.9,-7.9,-8.8,-9.6,-9.4,-9.8,-9.9,-8.5,-8.8,-8.4,-9.0,-8.6,-9.2,-9.2,-8.6,-8.9,-9.4,-7.2,-9.9,-9.5,-8.8,-9.6,-9.8,-9.7,-9.5,-9.4,-8.8,-8.7,-9.4,-8.5,-9.3,-9.6,-10.0,-9.4,-9.8,-10.8,-9.3,-9.4,-9.4,-10.7,-9.9,-9.4,-9.5,-9.7,-9.1,-9.6,-9.9,-9.1,-9.5,-10.2,-9.3,-8.9,-8.9,-8.7,-8.7,-9.1,-7.2,-9.4,-8.6,-9.8,-9.3,-7.4,-9.8,-8.9,-8.8,-9.3,-9.6,-9.9,-10.3,-10.2,-9.8,-8.5,-9.9,-10.9,-8.6,-9.6,-8.3,-8.8,-9.1,-8.8,-7.6,-8.4,-7.2,-9.2,-8.0,-8.6,-8.4,-9.5,-8.1,-8.3,-9.4,-8.4,-10.5,0
CS78,-9.7,-9.0,-9.3,-9.0,-9.3,-9.3,-9.1,-9.8,-8.8,-9.9,-8.8,-9.4,-9.5,-9.8,-9.6,-9.5,-9.0,-9.1,-10.0,-9.8,-10.0,-9.2,-9.6,-9.3,-9.1,-9.5,-9.8,-9.2,-9.6,-9.4,-9.2,-8.5,-9.2,-9.4,-9.9,-9.7,-9.8,-9.5,-9.6,-8.9,-9.4,-9.4,-9.7,-8.7,-9.4,-9.3,-9.7,-8.4,-9.7,-9.4,-9.7,-9.3,-8.9,-9.2,-8.9,-9.7,-8.8,-8.4,-9.8,-9.3,-8.9,-9.3,-9.7,-9.3,-9.2,-9.1,-9.2,-9.2,-9.4,-9.0,-8.7,-9.6,-8.6,-8.6,-9.0,-9.2,-9.1,-10.1,-9.5,-9.3,-9.4,-9.2,-9.6,-9.5,-10.4,-8.4,-8.9,-9.9,-9.9,-9.6,-9.2,-9.9,-9.5,-9.7,-9.3,-9.4,-9.4,-9.3,-9.6,-9.2,-8.7,-8.5,-9.2,-9.3,-9.7,-9.1,-9.9,-8.9,-10.0,-9.2,-9.5,-9.7,-9.3,-9.2,-8.8,-9.5,-9.6,-8.9,-9.4,-8.7,-10.2,-9.9,-9.8,-8.9,-9.1,-9.0,-8.9,-8.8,-9.2,-8.7,-9.2,-8.7,-8.3,-9.3,-8.5,-9.9,0
CS80,-9.4,-8.4,-8.3,-8.3,-9.0,-9.0,-8.0,-8.4,-9.6,-9.5,-8.8,-9.0,-8.9,-8.9,-9.7,-9.8,-9.3,-9.1,-8.8,-9.1,-9.0,-9.4,-9.4,-10.6,-9.7,-9.5,-9.0,-9.0,-8.8,-8.6,-8.6,-7.4,-9.3,-8.5,-9.6,-10.1,-9.6,-8.6,-9.5,-9.5,-8.8,-9.5,-8.9,-9.9,-8.3,-9.4,-9.3,-9.3,-9.1,-9.1,-9.3,-9.0,-9.4,-9.7,-9.2,-10.0,-9.1,-9.4,-10.1,-8.9,-7.9,-9.0,-9.0,-9.1,-9.0,-9.3,-8.4,-8.5,-8.9,-9.2,-9.3,-10.0,-9.6,-8.5,-9.0,-8.9,-9.1,-9.2,-8.9,-8.7,-8.9,-8.9,-9.5,-9.5,-9.5,-8.9,-9.3,-9.4,-9.4,-9.4,-9.1,-9.5,-8.9,-9.5,-9.4,-9.3,-9.2,-9.5,-9.6,-9.0,-9.3,-9.2,-8.9,-9.2,-9.2,-8.9,-9.0,-9.4,-8.7,-9.3,-9.3,-9.4,-9.0,-9.0,-10.4,-8.6,-8.6,-9.2,-9.7,-9.3,-9.7,-9.1,-9.2,-8.6,-9.1,-9.1,-9.4,-9.5,-9.3,-9.3,-8.7,-9.5,-9.1,-8.5,-9.8,-8.9,0
CS81,-9.5,-9.5,-9.1,-8.8,-9.9,-10.3,-9.9,-8.9,-8.8,-9.7,-9.4,-9.3,-9.0,-7.5,-9.3,-9.3,-8.5,-8.3,-8.9,-9.2,-8.7,-9.2,-9.5,-9.3,-9.4,-9.8,-10.2,-9.7,-9.3,-8.8,-8.9,-9.9,-9.1,-9.8,-9.5,-9.4,-9.3,-9.2,-9.7,-9.1,-9.4,-10.0,-9.6,-9.4,-9.0,-10.1,-9.3,-10.2,-9.2,-10.0,-9.0,-8.7,-9.3,-8.9,-9.6,-8.7,-8.8,-9.0,-9.1,-7.2,-9.0,-10.1,-10.6,-7.2,-9.4,-9.1,-9.7,-9.4,-10.0,-9.1,-8.8,-9.8,-9.4,-8.6,-7.1,-9.4,-10.0,-10.3,-9.3,-9.2,-9.5,-9.3,-7.3,-9.3,-9.9,-8.5,-8.5,-9.5,-9.5,-9.4,-7.1,-9.7,-7.3,-10.1,-9.5,-8.7,-9.4,-9.0,-8.7,-8.5,-9.1,-8.7,-9.7,-9.1,-9.3,-10.5,-9.4,-9.3,-9.4,-9.8,-10.0,-9.7,-10.6,-10.4,-9.6,-7.1,-9.6,-9.7,-9.4,-8.6,-9.4,-9.6,-9.8,-10.1,-9.4,-6.9,-8.7,-8.8,-9.1,-9.3,-8.4,-9.4,-8.1,-9.2,-8.6,-10.3,0
CS82,-10.5,-10.2,-10.1,-10.3,-9.0,-10.8,-10.6,-9.8,-9.0,-10.3,-9.3,-9.6,-10.9,-10.9,-10.2,-9.5,-10.2,-10.1,-9.5,-10.3,-10.1,-10.5,-10.6,-11.6,-10.4,-11.0,-11.1,-10.1,-11.0,-10.6,-10.4,-7.8,-10.2,-10.3,-9.7,-11.1,-10.9,-10.0,-11.1,-9.7,-10.7,-10.6,-10.5,-10.4,-10.4,-11.2,-10.7,-10.3,-11.1,-10.7,-9.9,-10.3,-10.3,-10.3,-10.5,-10.4,-10.3,-10.2,-10.4,-11.1,-10.4,-10.5,-10.3,-8.9,-10.4,-9.4,-11.0,-10.6,-10.5,-10.7,-10.7,-10.1,-10.0,-9.0,-10.2,-10.5,-9.6,-10.1,-10.6,-10.7,-10.2,-10.1,-10.3,-10.7,-9.3,-10.5,-10.5,-10.1,-10.4,-10.0,-9.9,-10.6,-11.1,-10.2,-10.5,-10.3,-10.9,-11.1,-10.8,-10.9,-9.8,-10.2,-10.6,-10.2,-10.9,-10.7,-10.8,-10.6,-11.1,-10.3,-11.1,-11.1,-10.9,-10.6,-11.2,-10.6,-10.2,-10.7,-10.4,-10.6,-11.0,-11.0,-10.7,-10.4,-10.1,-10.0,-10.7,-10.3,-10.2,-10.4,-10.6,-10.0,-10.2,-10.5,-10.0,-9.9,0
CS85,-9.2,-9.8,-9.2,-9.7,-8.4,-9.3,-9.4,-9.2,-9.1,-9.7,-9.1,-9.3,-9.9,-10.0,-9.6,-9.7,-9.8,-9.8,-9.6,-9.8,-9.8,-9.0,-8.6,-8.7,-8.8,-9.2,-9.0,-9.4,-9.4,-9.1,-9.1,-8.2,-8.9,-9.4,-9.4,-9.3,-9.5,-9.7,-8.9,-8.8,-9.3,-9.3,-9.2,-8.4,-8.5,-9.4,-9.4,-9.2,-9.0,-9.2,-9.8,-8.5,-8.9,-8.3,-8.3,-9.0,-8.6,-8.8,-8.5,-10.0,-9.0,-9.6,-9.1,-9.2,-9.6,-9.6,-9.5,-9.3,-9.6,-9.1,-8.3,-8.8,-8.7,-9.6,-9.7,-9.5,-9.5,-9.5,-9.6,-9.4,-9.6,-9.9,-9.1,-9.5,-9.8,-9.0,-9.2,-9.5,-9.5,-9.5,-9.5,-9.5,-9.6,-9.6,-8.6,-8.6,-8.7,-9.2,-8.5,-8.5,-9.6,-9.6,-9.4,-8.6,-9.2,-9.9,-8.5,-8.6,-9.0,-9.3,-9.4,-9.5,-9.9,-9.8,-8.7,-9.3,-9.8,-8.7,-9.5,-8.9,-8.5,-8.9,-8.8,-8.3,-8.8,-9.6,-8.9,-8.9,-8.6,-8.3,-8.7,-8.8,-10.1,-9.2,-9.0,-9.0,0
CS92,-8.6,-8.0,-7.6,-7.9,-8.1,-8.9,-7.4,-8.0,-8.0,-8.2,-8.2,-7.8,-8.5,-8.1,-8.9,-8.5,-7.8,-7.2,-8.1,-8.8,-8.2,-8.7,-8.0,-8.2,-9.2,-9.2,-8.5,-7.8,-8.3,-7.8,-7.9,-6.5,-8.8,-8.7,-8.7,-9.1,-8.1,-8.4,-8.7,-8.4,-8.2,-8.4,-8.7,-8.7,-7.9,-8.9,-8.9,-8.9,-8.1,-7.8,-8.1,-8.0,-8.5,-8.2,-8.7,-8.5,-8.9,-9.0,-9.2,-8.4,-7.1,-8.5,-8.1,-8.1,-7.9,-8.0,-8.3,-8.1,-7.9,-8.3,-9.0,-8.8,-8.8,-8.0,-8.0,-8.3,-8.2,-8.1,-8.3,-8.0,-8.0,-8.1,-8.2,-8.0,-8.3,-8.3,-8.4,-8.3,-7.9,-8.0,-7.8,-8.1,-8.3,-8.0,-7.9,-8.8,-8.9,-8.7,-8.3,-8.2,-7.8,-8.4,-7.8,-8.5,-7.9,-7.9,-8.4,-8.8,-8.5,-8.0,-8.2,-8.3,-7.9,-8.2,-8.4,-7.8,-8.4,-9.0,-8.2,-8.7,-8.6,-8.0,-9.1,-8.2,-8.1,-7.7,-8.3,-7.9,-9.2,-8.4,-7.9,-8.7,-8.4,-7.7,-8.5,-8.4,0
CS93,-9.1,-9.7,-9.0,-9.4,-9.5,-10.5,-9.9,-9.7,-9.8,-10.6,-8.9,-9.9,-10.5,-10.0,-9.9,-10.3,-9.6,-9.4,-9.7,-9.5,-10.5,-8.4,-8.5,-8.6,-8.3,-10.6,-10.5,-8.9,-9.3,-9.2,-9.2,-7.5,-9.2,-9.1,-9.9,-9.3,-9.9,-9.3,-8.4,-8.0,-8.9,-9.0,-8.9,-9.3,-9.5,-9.1,-8.9,-8.9,-10.2,-8.9,-10.7,-9.8,-8.1,-8.7,-8.1,-9.0,-9.5,-8.2,-7.9,-10.4,-8.9,-10.2,-8.9,-10.7,-9.4,-10.3,-10.2,-10.2,-10.1,-9.5,-8.4,-8.3,-8.0,-9.9,-10.0,-10.3,-8.6,-10.9,-9.6,-10.3,-10.1,-10.4,-10.8,-10.6,-10.3,-9.7,-9.1,-10.5,-10.7,-10.6,-9.5,-10.6,-10.8,-10.4,-7.9,-8.2,-8.4,-9.4,-9.1,-8.9,-8.8,-9.5,-9.6,-9.9,-8.4,-10.7,-8.8,-8.1,-8.4,-10.2,-9.1,-9.1,-9.5,-9.7,-8.9,-9.9,-10.2,-8.0,-9.0,-10.8,-8.4,-8.8,-8.4,-7.8,-9.8,-9.6,-9.1,-8.3,-8.0,-8.9,-8.9,-9.1,-10.5,-10.4,-9.2,-10.3,0
CS95,-8.7,-8.8,-8.6,-8.9,-8.6,-9.6,-9.5,-9.6,-7.5,-10.1,-7.5,-8.8,-9.2,-9.3,-9.0,-9.4,-8.3,-8.2,-9.0,-9.4,-9.2,-8.6,-9.3,-8.1,-9.5,-8.9,-9.9,-9.1,-9.1,-9.0,-9.1,-7.8,-8.2,-9.5,-10.0,-9.2,-9.9,-7.8,-8.6,-7.7,-8.2,-9.8,-10.0,-8.6,-8.6,-8.8,-8.7,-8.6,-9.8,-9.5,-9.2,-9.0,-8.9,-8.3,-8.1,-8.2,-8.3,-8.3,-8.3,-7.9,-8.3,-9.2,-9.5,-9.4,-7.8,-7.6,-7.9,-10.1,-8.9,-9.6,-8.4,-8.3,-8.8,-7.4,-7.6,-9.7,-9.3,-9.8,-9.5,-9.5,-9.2,-9.0,-9.5,-9.8,-9.8,-8.0,-8.0,-10.0,-10.1,-8.0,-7.8,-9.7,-9.3,-9.5,-8.1,-8.1,-8.8,-8.2,-8.2,-8.1,-8.8,-8.7,-9.6,-8.9,-9.2,-9.0,-9.4,-8.3,-9.4,-9.5,-9.3,-9.8,-9.7,-10.0,-9.4,-9.4,-7.9,-8.9,-9.1,-8.3,-9.9,-9.1,-9.7,-8.9,-8.7,-7.8,-7.8,-8.8,-8.4,-8.3,-7.7,-8.4,-7.5,-9.0,-8.1,-9.6,0
CS96,-8.1,-9.1,-9.1,-9.0,-8.1,-8.4,-9.3,-9.5,-8.7,-9.8,-7.9,-9.3,-8.9,-8.0,-8.8,-9.6,-7.6,-9.2,-8.7,-8.9,-9.8,-8.5,-8.5,-8.2,-8.5,-8.8,-8.9,-8.2,-8.1,-8.3,-8.3,-8.1,-8.1,-8.3,-9.0,-8.6,-9.7,-9.3,-7.9,-7.4,-8.3,-9.7,-9.9,-8.4,-8.7,-8.1,-8.5,-10.3,-9.2,-7.9,-9.2,-7.9,-8.4,-8.3,-8.4,-8.1,-8.1,-8.3,-8.3,-8.3,-8.5,-7.9,-9.0,-8.0,-9.1,-8.0,-8.2,-9.7,-7.9,-8.0,-8.4,-8.1,-8.5,-7.8,-8.1,-8.4,-8.1,-9.8,-8.5,-8.0,-8.2,-8.2,-7.6,-8.2,-8.1,-8.0,-8.0,-8.3,-8.2,-8.2,-8.1,-8.3,-8.2,-9.5,-8.1,-8.0,-9.0,-8.1,-7.4,-8.5,-7.9,-8.1,-8.0,-9.1,-7.9,-7.9,-8.9,-8.0,-9.7,-8.1,-8.2,-8.0,-9.3,-8.0,-9.3,-7.8,-8.4,-8.6,-8.1,-8.3,-9.9,-8.4,-8.4,-7.7,-8.2,-8.3,-7.9,-8.1,-8.2,-8.0,-7.7,-8.1,-9.0,-8.4,-7.7,-8.3,0
CS98,-9.4,-9.7,-9.3,-9.3,-8.6,-10.0,-8.4,-9.3,-9.8,-10.4,-9.0,-9.4,-9.6,-9.7,-9.5,-10.4,-8.8,-9.1,-9.4,-10.1,-9.9,-10.1,-10.2,-10.5,-10.6,-10.7,-10.3,-9.0,-10.0,-9.4,-9.6,-8.7,-10.1,-9.6,-10.8,-10.4,-10.3,-9.4,-9.6,-9.4,-10.7,-10.8,-10.8,-9.8,-9.4,-10.6,-10.5,-10.7,-9.8,-9.5,-9.7,-8.9,-10.2,-9.6,-9.8,-10.3,-10.2,-10.3,-10.7,-8.4,-9.4,-8.7,-10.1,-8.9,-8.7,-8.4,-8.6,-9.0,-8.3,-9.7,-10.1,-10.2,-9.6,-7.9,-8.1,-8.4,-8.8,-9.6,-8.8,-8.9,-9.6,-8.6,-9.0,-8.6,-9.6,-9.7,-8.5,-9.8,-10.0,-8.6,-8.4,-8.7,-8.6,-9.9,-10.3,-10.1,-10.3,-10.2,-9.9,-9.8,-9.3,-9.8,-8.4,-10.2,-9.9,-9.9,-10.1,-10.3,-10.3,-9.6,-9.5,-9.3,-9.8,-10.2,-10.7,-10.1,-9.9,-10.8,-10.2,-10.1,-11.0,-10.1,-10.5,-8.3,-9.5,-8.4,-10.2,-8.4,-9.6,-9.5,-9.6,-10.2,-8.9,-9.4,-9.7,-9.4,0
CS100,-9.4,-7.8,-10.5,-7.7,-9.1,-12.2,-11.6,-8.7,-8.1,-12.9,-10.2,-9.0,-10.1,-9.0,-12.5,-12.6,-6.8,-8.3,-8.5,-10.6,-8.0,-8.8,-10.9,-12.2,-12.0,-12.5,-8.8,-9.3,-11.2,-7.4,-7.3,-6.3,-9.1,-7.4,-8.8,-8.9,-11.9,-9.8,-12.4,-8.3,-12.1,-8.9,-8.6,-8.5,-7.1,-8.8,-9.1,-8.9,-10.1,-11.1,-8.6,-8.3,-8.5,-11.8,-8.3,-8.7,-8.4,-8.5,-8.8,-12.3,-7.5,-8.9,-12.2,-12.6,-11.0,-8.8,-8.7,-12.1,-8.6,-8.8,-8.2,-12.1,-8.2,-8.5,-8.2,-11.8,-11.8,-9.0,-10.0,-8.8,-7.6,-8.4,-8.9,-12.7,-11.8,-8.2,-8.6,-9.0,-10.9,-11.1,-12.4,-9.0,-12.3,-10.8,-9.0,-8.5,-8.4,-8.3,-12.0,-8.3,-9.0,-8.3,-12.1,-8.3,-9.3,-9.8,-8.6,-8.7,-8.8,-12.0,-11.2,-8.9,-11.4,-8.2,-12.3,-10.3,-8.8,-9.0,-8.4,-12.1,-12.1,-9.2,-8.6,-11.9,-11.7,-11.0,-11.9,-8.3,-8.5,-8.5,-11.9,-8.4,-9.2,-8.5,-8.2,-9.0,0
CS102,-9.0,-9.7,-9.9,-8.9,-8.9,-10.6,-10.2,-10.1,-8.3,-10.0,-8.9,-9.1,-10.7,-9.6,-9.9,-10.3,-9.6,-10.5,-9.6,-10.5,-9.6,-9.4,-9.2,-9.4,-9.0,-10.4,-10.5,-9.6,-8.9,-9.2,-8.9,-7.1,-9.5,-9.6,-9.4,-9.1,-10.2,-9.9,-10.1,-8.5,-9.4,-10.0,-10.7,-8.5,-9.0,-9.1,-9.6,-9.3,-10.3,-10.3,-10.0,-9.3,-9.6,-8.4,-8.6,-8.7,-8.6,-8.4,-9.0,-10.5,-8.7,-10.6,-10.3,-10.2,-10.3,-10.3,-9.2,-10.1,-9.9,-8.8,-9.0,-9.9,-9.5,-8.8,-8.9,-9.5,-10.5,-9.7,-10.1,-9.7,-9.8,-9.7,-10.9,-10.7,-10.3,-8.5,-8.3,-10.2,-10.4,-10.4,-10.2,-9.4,-10.6,-10.3,-8.6,-8.8,-9.4,-8.5,-8.4,-8.4,-8.6,-8.6,-10.1,-8.9,-8.4,-9.9,-8.8,-9.0,-8.3,-10.4,-10.4,-10.5,-9.7,-10.3,-9.6,-10.0,-10.3,-9.3,-8.6,-9.3,-10.3,-9.5,-8.5,-8.4,-9.5,-9.8,-8.6,-8.5,-8.5,-8.6,-8.4,-8.4,-9.4,-9.5,-8.7,-10.6,0
CS104,-7.1,-8.1,-8.0,-8.0,-7.0,-6.3,-6.4,-8.2,-6.4,-8.5,-8.0,-7.9,-8.2,-7.7,-8.7,-8.4,-7.8,-8.3,-8.6,-8.6,-7.8,-6.9,-7.7,-7.1,-7.0,-8.8,-7.7,-6.5,-7.9,-8.1,-6.8,-5.2,-7.4,-8.1,-8.5,-7.0,-8.3,-8.8,-7.7,-6.2,-8.4,-7.8,-8.3,-6.3,-7.5,-7.4,-8.5,-7.3,-8.4,-8.5,-8.0,-6.2,-8.1,-6.3,-7.4,-6.7,-6.0,-6.1,-7.5,-8.2,-7.8,-8.6,-8.9,-6.9,-7.9,-7.5,-7.9,-8.5,-8.1,-7.6,-6.0,-8.0,-6.5,-7.8,-8.6,-7.9,-8.7,-8.7,-8.0,-8.6,-8.2,-8.1,-8.0,-8.3,-8.3,-6.5,-7.7,-8.2,-8.2,-8.3,-8.2,-8.2,-8.8,-8.2,-6.4,-6.4,-8.3,-7.3,-7.0,-7.3,-7.2,-6.2,-7.7,-7.5,-6.8,-8.1,-6.6,-8.0,-6.8,-6.9,-7.2,-8.7,-8.5,-8.3,-6.7,-8.5,-8.2,-7.3,-7.1,-6.4,-8.9,-8.6,-8.1,-7.0,-6.5,-8.0,-6.7,-6.4,-6.4,-6.3,-7.2,-6.1,-8.5,-6.6,-7.0,-8.2,0
CS105,-7.1,-8.2,-8.2,-8.0,-7.2,-7.7,-7.0,-8.4,-6.4,-8.9,-8.1,-7.9,-8.1,-7.7,-8.8,-9.0,-7.7,-7.9,-8.6,-8.6,-8.5,-6.9,-6.0,-7.1,-7.0,-8.6,-7.9,-6.5,-8.1,-8.2,-6.9,-5.1,-7.2,-8.3,-6.9,-6.5,-8.1,-8.5,-8.7,-6.2,-7.6,-8.2,-8.4,-6.3,-7.4,-7.3,-6.6,-7.1,-7.3,-7.1,-8.2,-6.3,-7.8,-6.1,-6.8,-6.9,-6.0,-6.4,-6.5,-7.1,-7.3,-8.1,-9.0,-7.1,-8.2,-7.2,-7.6,-7.9,-6.6,-7.7,-7.8,-6.1,-6.2,-7.5,-7.3,-7.8,-8.3,-9.1,-8.3,-8.2,-8.2,-8.2,-8.3,-8.3,-8.5,-6.5,-6.7,-8.4,-8.5,-8.5,-8.2,-8.5,-8.2,-8.4,-6.5,-6.8,-6.8,-7.5,-7.2,-7.5,-6.4,-8.1,-8.0,-7.8,-6.9,-8.1,-8.3,-7.3,-6.7,-6.4,-8.3,-8.2,-8.4,-7.2,-6.6,-8.2,-8.5,-7.0,-7.1,-6.6,-8.5,-8.7,-6.4,-7.0,-6.4,-8.1,-6.9,-6.7,-6.4,-6.4,-7.5,-6.2,-8.2,-6.9,-7.1,-8.3,0
CS109,-9.3,-10.5,-10.2,-8.6,-8.2,-8.8,-8.9,-8.9,-8.5,-8.7,-8.5,-8.9,-9.0,-9.4,-10.0,-9.3,-7.9,-9.6,-9.0,-9.1,-10.3,-8.5,-8.5,-8.4,-8.9,-9.2,-8.7,-9.1,-10.0,-9.9,-10.5,-6.9,-9.0,-9.0,-9.3,-9.6,-9.0,-8.8,-9.6,-8.2,-9.7,-10.0,-9.0,-8.3,-8.8,-8.0,-8.8,-8.7,-8.9,-9.9,-9.9,-8.5,-8.1,-8.1,-8.4,-8.6,-8.1,-8.5,-10.1,-8.9,-9.1,-9.5,-9.0,-9.3,-8.9,-9.0,-9.5,-8.7,-8.6,-8.6,-8.3,-8.3,-9.6,-8.3,-8.9,-9.1,-9.3,-9.2,-8.9,-9.4,-8.8,-8.9,-8.7,-8.8,-9.0,-8.3,-8.9,-9.7,-10.4,-8.8,-8.8,-10.6,-8.8,-10.3,-8.3,-8.7,-8.1,-9.2,-8.5,-8.4,-8.6,-7.7,-8.8,-9.1,-8.8,-8.9,-9.0,-9.1,-9.0,-8.9,-8.6,-8.6,-9.1,-9.4,-8.6,-9.0,-9.2,-8.2,-8.5,-8.4,-8.7,-9.8,-8.5,-9.0,-8.9,-8.7,-8.3,-8.3,-8.6,-8.2,-8.8,-8.2,-8.6,-8.8,-8.5,-9.0,0
CS110,-10.4,-11.7,-11.5,-11.8,-9.1,-10.5,-10.5,-11.7,-9.9,-12.3,-11.0,-11.0,-11.8,-10.4,-11.3,-11.5,-10.3,-10.5,-11.3,-11.9,-11.8,-9.7,-10.9,-10.2,-9.8,-11.4,-11.5,-10.8,-12.4,-12.1,-11.8,-8.1,-9.8,-11.2,-10.1,-9.3,-11.3,-11.5,-10.0,-10.2,-11.6,-10.9,-10.9,-11.5,-11.3,-11.2,-10.8,-11.4,-11.6,-11.8,-10.9,-10.9,-10.5,-10.9,-11.0,-9.3,-8.9,-11.1,-9.1,-11.1,-10.1,-11.5,-11.6,-11.3,-11.4,-11.2,-11.7,-11.4,-11.2,-10.3,-10.5,-10.8,-10.6,-10.5,-9.9,-11.5,-10.9,-11.6,-11.7,-11.3,-11.6,-11.4,-11.8,-11.5,-12.1,-10.3,-10.8,-11.8,-12.0,-11.7,-12.2,-12.0,-11.5,-11.7,-8.7,-8.8,-10.3,-11.1,-10.1,-10.7,-10.1,-10.6,-11.2,-10.3,-9.1,-11.0,-10.3,-10.6,-10.1,-11.2,-11.3,-11.3,-11.5,-10.5,-11.1,-11.4,-11.7,-11.1,-11.0,-10.6,-10.7,-11.4,-12.5,-11.9,-11.3,-10.4,-10.6,-11.6,-11.5,-11.5,-11.2,-10.6,-10.7,-11.2,-9.2,-11.6,0
CS112,-10.2,-11.8,-11.5,-11.0,-11.1,-11.0,-11.0,-11.6,-9.9,-12.2,-11.3,-10.7,-11.8,-11.1,-11.0,-11.3,-10.6,-10.4,-10.7,-10.5,-12.2,-9.7,-10.2,-10.8,-10.1,-11.5,-11.2,-11.0,-11.0,-11.7,-11.8,-9.5,-12.0,-11.6,-10.9,-10.6,-9.5,-10.4,-11.1,-9.8,-11.9,-9.6,-9.8,-12.0,-9.6,-10.9,-10.3,-10.1,-9.9,-11.1,-10.3,-9.2,-10.1,-9.5,-9.9,-11.0,-9.9,-9.6,-10.1,-11.2,-10.3,-9.9,-9.6,-9.5,-11.1,-11.1,-10.2,-10.7,-10.1,-11.1,-9.9,-10.7,-11.6,-9.3,-9.9,-10.2,-9.5,-12.0,-11.9,-11.3,-11.5,-11.5,-9.7,-10.3,-11.4,-10.3,-10.5,-11.4,-11.5,-11.1,-10.3,-11.4,-11.2,-11.3,-10.1,-10.0,-10.0,-12.1,-10.3,-10.8,-10.0,-10.5,-11.1,-9.5,-10.3,-9.7,-11.6,-10.1,-10.1,-12.0,-9.4,-11.6,-10.1,-10.0,-10.5,-9.5,-10.3,-10.0,-10.9,-9.9,-10.5,-11.0,-10.8,-10.5,-9.3,-10.4,-10.9,-10.2,-10.1,-9.7,-10.7,-9.6,-11.2,-11.5,-10.9,-11.0,0
CS115,-9.3,-9.3,-8.9,-9.0,-8.6,-9.5,-9.3,-9.0,-8.5,-10.3,-8.8,-9.7,-9.5,-10.0,-9.9,-10.5,-9.8,-9.1,-9.8,-10.6,-9.1,-9.0,-9.1,-9.3,-8.9,-9.5,-9.5,-9.7,-9.8,-9.3,-9.2,-8.4,-8.9,-9.8,-9.2,-9.4,-9.9,-10.2,-9.3,-8.4,-9.4,-9.5,-9.6,-8.8,-8.8,-9.0,-9.4,-8.9,-10.0,-9.6,-9.9,-9.2,-8.8,-8.5,-8.7,-8.6,-8.7,-8.7,-8.7,-10.1,-9.3,-10.3,-10.1,-10.1,-9.8,-9.8,-9.8,-9.9,-9.9,-9.1,-8.7,-8.7,-8.7,-9.2,-10.2,-10.3,-9.9,-10.1,-9.7,-10.2,-9.9,-10.1,-9.8,-10.0,-9.7,-8.8,-9.1,-9.3,-9.6,-9.4,-9.7,-9.5,-10.2,-9.7,-9.1,-8.6,-8.8,-9.1,-8.6,-8.8,-9.0,-9.2,-9.9,-8.6,-9.0,-9.7,-8.8,-9.0,-8.6,-10.2,-10.0,-10.0,-10.4,-9.7,-9.0,-10.2,-10.1,-8.9,-8.9,-9.3,-8.9,-9.6,-9.0,-8.6,-8.8,-9.9,-8.5,-8.6,-8.8,-8.6,-8.6,-8.7,-9.6,-9.3,-8.5,-8.9,0
CS116,-6.4,-8.1,-8.3,-8.4,-6.8,-8.1,-8.1,-8.2,-6.8,-8.9,-8.0,-8.8,-8.1,-8.3,-8.9,-9.2,-7.9,-8.0,-8.8,-9.2,-8.1,-6.4,-8.1,-6.8,-6.5,-9.3,-8.9,-9.1,-9.0,-8.7,-8.8,-7.0,-6.6,-8.4,-8.6,-6.6,-8.4,-8.6,-8.0,-6.3,-8.4,-8.0,-8.3,-7.0,-8.3,-7.3,-6.9,-7.3,-8.6,-8.1,-8.3,-7.9,-8.9,-8.9,-7.3,-6.8,-8.2,-6.8,-6.5,-8.2,-7.5,-8.0,-8.8,-7.2,-8.3,-8.1,-7.7,-8.0,-7.8,-8.3,-8.5,-9.0,-7.0,-8.3,-8.5,-8.4,-8.2,-8.7,-8.3,-8.7,-8.3,-8.4,-8.6,-8.5,-8.5,-6.7,-6.8,-8.6,-8.5,-8.3,-8.3,-8.8,-8.2,-8.5,-6.5,-6.1,-8.6,-7.1,-6.9,-7.3,-6.4,-6.8,-7.9,-8.4,-8.4,-8.5,-8.3,-8.7,-8.6,-8.4,-8.7,-8.6,-8.9,-7.8,-8.7,-8.5,-8.1,-6.7,-8.8,-7.1,-8.9,-8.5,-6.5,-6.9,-6.2,-7.8,-6.9,-8.2,-6.9,-8.4,-7.2,-8.3,-8.0,-8.0,-7.1,-8.5,0
CS119,-9.2,-8.8,-8.5,-9.0,-7.6,-7.9,-7.7,-8.8,-7.6,-9.8,-8.5,-9.0,-8.4,-8.8,-9.3,-9.5,-8.0,-8.1,-9.4,-9.1,-8.7,-8.9,-9.0,-8.9,-9.0,-8.2,-9.4,-9.2,-9.2,-8.9,-9.0,-6.1,-7.9,-8.9,-9.4,-8.0,-8.7,-8.9,-8.2,-7.7,-8.8,-9.2,-9.1,-8.3,-8.6,-9.1,-8.1,-7.9,-9.0,-8.8,-9.3,-8.2,-8.2,-8.0,-8.0,-7.6,-8.3,-8.2,-8.2,-7.4,-8.7,-8.0,-9.4,-7.5,-7.4,-7.6,-9.2,-8.2,-9.2,-8.0,-8.5,-8.1,-8.4,-8.6,-8.7,-8.4,-8.5,-8.8,-8.6,-9.5,-9.0,-8.6,-8.8,-8.7,-8.9,-7.7,-7.2,-8.7,-9.1,-7.6,-7.4,-8.9,-8.7,-9.1,-8.0,-8.0,-7.8,-7.4,-9.3,-7.8,-8.2,-7.5,-8.2,-7.8,-9.1,-9.2,-9.1,-8.2,-9.1,-8.8,-9.7,-9.2,-9.2,-8.8,-8.8,-8.9,-9.3,-7.9,-8.6,-8.0,-9.3,-8.8,-7.9,-7.1,-7.8,-7.5,-8.7,-7.7,-8.2,-8.1,-7.0,-8.3,-8.1,-8.4,-6.9,-9.1,0
CS130,-8.6,-9.0,-9.1,-8.4,-7.4,-9.5,-9.5,-7.3,-7.3,-9.8,-7.6,-8.7,-9.0,-8.9,-8.9,-8.7,-8.4,-8.7,-9.9,-9.0,-8.9,-8.1,-7.7,-7.9,-7.5,-8.0,-9.3,-7.6,-9.5,-9.3,-8.8,-5.4,-8.6,-9.2,-8.7,-8.5,-7.9,-8.6,-9.7,-7.4,-8.2,-9.5,-10.0,-8.3,-8.9,-8.9,-9.8,-9.0,-8.7,-9.0,-7.0,-8.3,-7.8,-7.7,-8.1,-7.5,-7.9,-7.8,-10.0,-7.9,-8.8,-9.5,-9.5,-9.0,-8.9,-9.3,-9.0,-10.2,-8.1,-7.7,-7.6,-7.8,-7.9,-8.9,-8.6,-9.4,-8.5,-9.4,-10.1,-8.8,-8.4,-8.8,-7.4,-8.2,-8.8,-8.1,-8.4,-9.6,-9.6,-9.2,-9.9,-9.2,-9.2,-9.1,-7.8,-9.1,-7.9,-8.1,-8.0,-7.6,-9.2,-7.8,-9.6,-7.5,-8.3,-9.1,-7.5,-7.9,-7.6,-9.1,-8.9,-9.0,-9.9,-9.0,-7.2,-7.4,-8.6,-8.5,-8.0,-8.0,-8.4,-7.9,-7.6,-9.3,-9.0,-9.0,-7.4,-7.7,-7.6,-7.6,-7.9,-7.8,-9.7,-8.8,-8.1,-9.0,0
CS140,-9.5,-9.8,-9.2,-9.3,-10.0,-9.9,-9.0,-10.2,-8.0,-9.7,-8.8,-9.3,-10.6,-9.7,-9.9,-10.9,-9.7,-9.3,-10.4,-10.4,-9.8,-10.3,-9.8,-10.2,-8.2,-10.7,-9.5,-8.8,-9.2,-10.0,-8.7,-6.9,-8.8,-9.9,-9.5,-9.9,-9.5,-10.1,-10.0,-8.0,-8.2,-9.5,-9.8,-8.5,-9.8,-8.6,-10.0,-8.7,-9.8,-9.4,-9.3,-9.4,-9.2,-8.1,-8.8,-9.8,-9.6,-9.5,-10.4,-9.2,-8.5,-10.1,-10.1,-9.9,-9.5,-9.5,-9.9,-10.1,-9.8,-10.2,-8.6,-8.4,-8.2,-9.9,-9.3,-10.2,-9.8,-10.8,-9.6,-9.5,-9.8,-10.6,-9.7,-9.6,-9.6,-8.2,-7.8,-9.5,-9.1,-9.8,-9.5,-9.7,-9.8,-10.1,-10.3,-8.4,-8.4,-8.2,-8.1,-8.5,-9.3,-9.3,-9.9,-10.0,-8.1,-10.3,-9.6,-10.0,-9.3,-9.6,-9.6,-9.5,-10.3,-10.2,-9.8,-10.1,-11.0,-10.2,-9.2,-9.9,-10.2,-9.6,-10.3,-9.1,-9.9,-9.8,-9.3,-8.0,-9.9,-9.0,-7.8,-8.3,-9.5,-9.8,-7.9,-9.5,0
CS142,-7.4,-7.5,-6.3,-6.6,-7.1,-7.7,-7.8,-7.0,-6.9,-7.8,-7.9,-6.6,-7.9,-7.5,-7.7,-7.7,-6.4,-6.7,-8.2,-7.8,-7.3,-7.5,-7.2,-7.2,-7.7,-7.3,-7.5,-6.8,-7.2,-7.1,-7.3,-5.8,-7.6,-6.9,-8.0,-7.5,-7.8,-7.8,-7.5,-6.9,-7.5,-7.6,-7.8,-7.2,-6.6,-7.6,-7.4,-7.5,-8.1,-7.8,-7.4,-7.3,-7.3,-6.9,-7.3,-7.5,-7.4,-7.4,-7.8,-7.5,-6.6,-7.7,-7.8,-7.8,-7.8,-7.5,-8.0,-7.6,-7.3,-7.6,-7.3,-7.4,-7.2,-7.1,-7.4,-8.3,-7.5,-7.7,-8.2,-8.2,-8.4,-8.1,-7.3,-7.6,-7.4,-7.3,-7.3,-7.3,-8.2,-8.0,-7.4,-7.5,-7.6,-7.5,-7.5,-7.5,-8.1,-7.7,-7.4,-7.2,-6.9,-7.2,-7.6,-7.3,-7.1,-7.3,-7.4,-7.5,-7.1,-7.9,-8.0,-7.5,-8.2,-7.2,-7.6,-7.5,-8.0,-7.8,-7.6,-7.7,-7.8,-8.2,-7.6,-7.3,-7.2,-7.2,-7.4,-7.0,-7.3,-7.2,-7.2,-7.3,-7.4,-7.0,-7.3,-7.2,0
CS148,-8.5,-11.0,-10.4,-10.5,-11.2,-12.1,-9.0,-11.4,-8.5,-11.6,-8.6,-8.8,-11.0,-9.7,-9.5,-10.1,-9.2,-10.9,-11.4,-11.8,-11.2,-11.3,-8.1,-8.8,-11.4,-9.2,-12.1,-11.2,-10.4,-11.0,-10.9,-10.1,-11.4,-10.9,-11.4,-8.6,-12.0,-9.8,-11.7,-10.3,-12.4,-11.4,-11.4,-11.4,-10.3,-12.0,-11.8,-11.5,-11.7,-12.1,-11.5,-11.4,-11.3,-10.9,-11.0,-8.7,-11.5,-11.7,-11.3,-11.8,-10.6,-12.1,-12.3,-11.9,-9.1,-11.6,-11.6,-11.6,-11.1,-11.5,-11.3,-11.2,-11.1,-10.9,-11.2,-9.6,-11.2,-12.5,-9.2,-9.3,-9.1,-9.2,-11.9,-11.8,-12.2,-10.7,-10.9,-12.0,-12.2,-11.9,-9.3,-12.3,-11.4,-12.2,-11.3,-10.9,-11.8,-9.0,-10.6,-8.5,-11.4,-11.2,-11.5,-11.5,-10.9,-11.1,-11.5,-11.7,-11.3,-11.9,-11.8,-11.5,-11.5,-11.3,-11.6,-11.8,-9.1,-11.5,-11.0,-8.8,-12.5,-11.0,-12.0,-10.6,-11.7,-9.1,-10.9,-11.0,-11.4,-11.7,-10.5,-11.3,-9.4,-11.6,-8.3,-11.9,0
CS150,-8.4,-8.3,-8.4,-9.1,-9.7,-9.0,-9.1,-9.4,-8.2,-8.9,-8.7,-8.4,-9.6,-7.9,-9.0,-8.5,-7.9,-9.1,-9.6,-8.9,-8.3,-8.9,-8.8,-9.2,-8.8,-9.1,-9.2,-9.0,-9.7,-8.5,-8.5,-8.1,-9.2,-8.6,-9.4,-8.9,-8.9,-8.7,-8.9,-8.8,-9.5,-8.8,-9.0,-9.1,-8.5,-9.6,-9.7,-9.3,-8.9,-8.8,-8.6,-8.2,-8.8,-8.6,-8.7,-9.5,-9.3,-8.9,-8.6,-9.1,-9.3,-8.9,-10.0,-9.2,-9.9,-9.2,-8.6,-8.7,-8.7,-8.7,-8.7,-9.5,-8.9,-8.5,-8.5,-8.8,-8.6,-9.6,-9.0,-8.9,-9.4,-8.8,-9.4,-9.2,-9.4,-8.7,-8.8,-9.7,-9.7,-8.9,-8.7,-9.0,-9.5,-9.8,-9.1,-9.0,-9.4,-9.0,-9.1,-8.9,-8.9,-9.2,-9.4,-8.8,-9.5,-8.9,-9.3,-9.3,-9.6,-8.9,-9.1,-9.5,-9.3,-8.7,-9.1,-8.8,-9.8,-9.3,-9.3,-8.8,-9.9,-9.4,-9.5,-8.9,-8.6,-9.4,-9.2,-9.0,-9.0,-9.1,-9.0,-9.1,-8.6,-8.4,-7.2,-9.8,0
CS152,-7.0,-8.6,-8.4,-8.8,-6.9,-8.3,-6.9,-6.6,-5.9,-8.8,-8.0,-9.4,-8.6,-8.9,-9.0,-9.0,-8.2,-8.5,-8.5,-9.0,-7.4,-6.8,-6.8,-7.0,-6.9,-6.9,-8.1,-8.3,-8.6,-8.6,-8.6,-6.3,-6.4,-8.9,-7.8,-8.4,-8.3,-9.4,-7.9,-5.9,-8.3,-6.7,-8.2,-8.1,-9.0,-6.4,-7.0,-6.7,-9.0,-8.5,-8.2,-8.4,-8.4,-8.3,-6.7,-6.7,-8.1,-8.3,-8.5,-8.3,-8.5,-8.6,-9.0,-8.6,-9.0,-7.9,-8.6,-8.7,-8.8,-6.6,-8.2,-8.5,-8.3,-8.2,-8.8,-8.6,-8.9,-9.1,-8.9,-8.8,-9.2,-9.4,-8.7,-8.8,-9.3,-7.5,-6.3,-8.5,-9.0,-8.7,-8.5,-8.7,-9.1,-9.2,-8.2,-6.1,-6.0,-6.8,-6.6,-6.8,-6.3,-6.6,-8.9,-6.6,-8.7,-8.5,-8.6,-8.1,-8.8,-8.7,-8.8,-8.7,-8.1,-8.4,-6.8,-9.0,-8.4,-7.0,-6.8,-6.6,-6.7,-8.0,-6.6,-6.7,-6.6,-8.7,-6.4,-6.6,-7.9,-8.2,-6.4,-8.4,-8.3,-8.4,-6.8,-8.6,0
CS154,-8.4,-8.1,-8.3,-8.2,-8.5,-8.5,-8.8,-8.4,-7.7,-9.0,-9.1,-8.9,-8.8,-8.1,-9.5,-9.0,-8.4,-8.3,-9.1,-9.2,-7.9,-9.0,-8.2,-8.9,-8.4,-8.7,-8.3,-8.4,-8.9,-8.7,-8.5,-6.6,-8.3,-8.7,-8.5,-8.6,-9.1,-9.0,-8.2,-7.9,-8.4,-8.0,-8.7,-8.2,-8.4,-8.7,-8.3,-8.9,-8.7,-8.5,-8.5,-8.1,-8.1,-8.2,-8.1,-8.3,-8.4,-8.4,-8.3,-8.4,-7.9,-8.5,-8.6,-8.3,-8.7,-8.7,-8.5,-8.5,-8.7,-8.6,-8.0,-8.2,-8.1,-8.0,-8.6,-8.5,-8.8,-8.6,-8.9,-8.8,-8.8,-8.6,-9.1,-9.1,-9.0,-8.1,-8.4,-8.7,-8.8,-8.9,-8.6,-9.0,-8.8,-9.0,-7.9,-7.7,-7.9,-8.9,-8.4,-8.6,-8.0,-8.0,-8.7,-8.8,-8.3,-8.3,-8.0,-8.3,-8.4,-8.9,-8.7,-8.8,-9.2,-8.4,-8.9,-8.7,-8.7,-8.4,-8.7,-8.5,-8.7,-8.9,-8.6,-8.4,-8.8,-8.5,-8.0,-7.9,-8.1,-8.3,-8.3,-8.1,-8.5,-7.9,-8.2,-9.0,0
CS160,-8.4,-8.5,-9.1,-8.4,-8.9,-8.6,-9.2,-8.2,-8.0,-8.9,-9.0,-8.6,-9.0,-9.0,-8.3,-8.6,-7.9,-8.6,-9.1,-9.5,-9.1,-8.9,-8.9,-9.5,-9.2,-9.4,-9.6,-8.7,-8.8,-9.3,-9.5,-6.4,-9.3,-9.3,-8.5,-9.3,-8.9,-8.1,-9.1,-9.5,-8.9,-9.3,-8.5,-8.9,-9.3,-9.4,-9.2,-9.8,-8.7,-8.2,-8.4,-8.1,-8.9,-9.0,-8.8,-9.5,-9.5,-9.4,-9.7,-8.1,-7.3,-8.3,-9.8,-9.0,-8.6,-7.9,-9.1,-8.4,-8.5,-9.2,-9.1,-9.0,-9.1,-7.5,-8.2,-8.9,-8.3,-8.6,-8.8,-8.7,-8.0,-8.2,-9.1,-8.7,-8.6,-8.4,-9.7,-8.7,-8.9,-8.4,-8.8,-8.4,-8.6,-8.3,-8.5,-9.5,-9.6,-9.8,-9.1,-9.0,-7.9,-8.3,-8.1,-8.1,-8.1,-8.2,-8.1,-8.7,-9.2,-8.5,-8.8,-8.6,-8.2,-8.3,-9.0,-8.4,-8.7,-9.7,-9.9,-9.2,-9.9,-9.4,-8.6,-9.2,-8.2,-8.6,-9.3,-8.6,-9.1,-8.6,-9.4,-9.0,-8.3,-9.0,-7.9,-8.8,0
CS165,-9.2,-10.2,-10.3,-9.8,-9.5,-10.3,-10.4,-10.1,-10.4,-10.4,-10.1,-10.1,-10.5,-10.2,-9.7,-10.2,-9.9,-10.9,-10.4,-10.3,-10.6,-8.8,-8.2,-8.9,-8.7,-10.5,-10.2,-9.7,-10.2,-10.1,-10.2,-8.1,-8.7,-11.0,-10.9,-10.6,-10.7,-10.3,-10.2,-9.6,-9.8,-10.3,-10.1,-10.6,-10.1,-9.6,-9.7,-9.4,-10.5,-10.8,-10.3,-9.2,-10.1,-10.0,-10.4,-9.3,-9.4,-9.7,-8.3,-10.6,-9.7,-10.5,-10.1,-10.8,-10.7,-10.7,-10.6,-10.7,-10.2,-10.5,-10.4,-10.6,-10.1,-9.2,-9.7,-10.8,-8.7,-11.1,-10.2,-10.4,-11.0,-10.7,-9.5,-9.7,-10.5,-10.2,-10.6,-10.8,-10.9,-10.8,-10.4,-10.7,-10.8,-9.8,-8.6,-9.6,-9.2,-10.4,-10.1,-9.0,-10.3,-10.7,-10.3,-8.5,-10.2,-10.6,-10.4,-10.1,-10.7,-10.4,-10.2,-9.7,-10.8,-10.4,-8.6,-10.7,-10.1,-10.8,-10.2,-10.1,-8.2,-10.2,-10.5,-9.7,-10.2,-10.4,-9.8,-9.9,-9.9,-10.5,-10.3,-10.1,-10.7,-10.3,-9.2,-9.9,0
CS166,-9.8,-10.1,-9.7,-10.1,-9.4,-9.8,-11.1,-9.6,-9.5,-9.8,-9.3,-10.6,-9.7,-10.2,-10.1,-10.5,-9.7,-8.8,-9.5,-10.0,-9.6,-11.2,-10.8,-10.9,-10.6,-11.3,-10.7,-11.8,-11.1,-10.8,-9.6,-8.7,-9.8,-10.0,-10.4,-11.3,-9.7,-10.4,-9.9,-9.8,-11.8,-10.3,-9.9,-10.4,-9.9,-11.1,-10.9,-9.8,-10.0,-11.2,-10.1,-9.8,-9.8,-10.3,-10.3,-10.9,-10.4,-10.5,-10.4,-9.3,-8.5,-11.0,-9.9,-9.4,-9.9,-9.9,-10.1,-11.7,-9.8,-9.6,-9.6,-10.2,-10.5,-9.5,-9.6,-10.3,-10.6,-10.1,-10.1,-10.2,-10.2,-10.3,-10.3,-10.2,-10.5,-9.5,-9.0,-10.3,-10.3,-10.1,-10.4,-11.4,-10.8,-10.3,-9.9,-9.5,-9.4,-10.0,-10.1,-9.9,-9.2,-10.7,-9.9,-9.8,-9.3,-9.7,-10.6,-11.5,-10.0,-9.9,-11.4,-11.5,-10.1,-11.1,-10.8,-10.5,-10.9,-11.2,-10.6,-10.1,-10.8,-11.5,-10.4,-8.8,-10.6,-9.4,-10.7,-10.8,-10.5,-9.8,-10.0,-10.5,-9.8,-9.7,-10.6,-10.3,0
CS169,-9.2,-10.2,-9.7,-9.6,-9.2,-10.1,-10.2,-9.2,-8.8,-9.6,-9.2,-9.5,-9.9,-9.7,-10.2,-10.1,-9.5,-9.3,-9.7,-9.6,-10.2,-9.2,-9.0,-9.4,-9.2,-9.2,-10.2,-8.7,-10.3,-9.7,-9.6,-9.1,-10.3,-10.3,-9.8,-9.7,-9.6,-9.6,-9.2,-7.5,-10.6,-10.1,-9.9,-9.1,-9.3,-10.5,-10.3,-9.3,-9.5,-9.3,-9.6,-8.8,-10.1,-8.7,-8.6,-10.1,-10.2,-9.0,-8.7,-10.4,-8.9,-8.9,-9.3,-8.8,-9.5,-9.2,-10.3,-10.3,-9.3,-8.8,-9.0,-8.7,-8.8,-9.4,-9.1,-10.1,-10.4,-9.7,-9.6,-9.6,-9.7,-9.4,-9.4,-9.6,-9.7,-8.8,-9.0,-9.6,-9.8,-9.7,-9.0,-9.8,-9.5,-9.8,-8.7,-8.8,-9.8,-9.0,-10.4,-8.7,-9.6,-9.8,-9.2,-10.0,-9.2,-10.3,-9.1,-8.7,-9.4,-9.3,-9.6,-9.4,-9.5,-10.5,-9.1,-9.6,-9.6,-10.3,-9.0,-9.0,-9.3,-10.0,-10.0,-9.5,-10.0,-9.1,-8.9,-7.5,-8.9,-9.6,-9.0,-9.5,-9.0,-9.0,-8.7,-10.3,0
CS173,-8.3,-8.6,-8.4,-8.3,-8.3,-8.0,-8.2,-8.6,-7.9,-9.0,-8.7,-8.6,-8.9,-8.6,-9.5,-9.7,-8.0,-8.6,-9.4,-9.9,-8.8,-8.2,-8.2,-8.4,-7.6,-8.4,-8.6,-7.2,-8.9,-8.8,-8.6,-5.5,-8.6,-9.2,-8.1,-7.5,-8.8,-9.0,-8.0,-6.8,-8.2,-8.3,-8.5,-8.5,-8.3,-9.0,-8.4,-9.1,-8.6,-8.2,-8.8,-7.7,-8.3,-8.3,-8.3,-8.4,-8.5,-8.1,-8.9,-8.3,-7.4,-8.5,-8.9,-8.6,-8.2,-8.5,-8.3,-8.5,-8.6,-8.5,-8.3,-8.0,-8.6,-8.1,-8.3,-9.0,-9.1,-8.2,-9.0,-8.9,-9.2,-8.7,-8.8,-8.6,-9.1,-8.6,-7.3,-8.6,-8.7,-8.7,-8.2,-8.8,-8.9,-8.6,-8.1,-8.3,-6.9,-8.2,-7.1,-8.0,-8.2,-7.1,-8.5,-7.8,-7.7,-8.6,-8.2,-7.2,-8.0,-8.6,-8.3,-8.4,-8.5,-8.1,-8.6,-8.6,-8.8,-8.2,-8.2,-8.1,-9.0,-8.2,-8.5,-7.7,-7.9,-8.8,-8.1,-8.2,-8.1,-8.5,-8.6,-7.9,-8.4,-7.9,-6.7,-8.8,0
CS175,-7.2,-8.0,-6.9,-6.7,-7.5,-7.1,-7.6,-8.0,-7.3,-7.5,-6.9,-7.8,-7.4,-7.0,-7.1,-8.0,-6.9,-6.4,-7.5,-7.6,-7.6,-7.1,-7.0,-7.0,-7.1,-7.6,-7.1,-7.3,-7.1,-6.8,-7.2,-7.2,-7.0,-7.2,-7.3,-7.3,-7.7,-7.2,-7.3,-6.9,-7.5,-7.2,-7.6,-7.2,-6.8,-7.4,-7.4,-7.0,-8.1,-7.8,-7.6,-6.7,-7.0,-7.1,-7.3,-7.3,-7.1,-6.9,-7.3,-7.2,-8.1,-7.4,-7.2,-7.4,-7.8,-7.0,-7.7,-7.3,-7.9,-7.1,-6.9,-7.2,-6.9,-7.9,-7.3,-7.7,-7.2,-8.0,-7.6,-7.9,-7.8,-8.1,-7.4,-7.5,-7.7,-7.0,-7.0,-7.6,-7.6,-7.8,-7.4,-7.6,-7.2,-7.6,-7.2,-7.0,-7.1,-7.0,-7.0,-7.0,-7.8,-6.7,-7.1,-7.0,-7.0,-8.5,-7.0,-6.8,-7.4,-7.2,-7.4,-7.4,-7.7,-7.6,-7.0,-7.4,-7.4,-7.0,-6.9,-7.2,-7.1,-7.0,-7.2,-6.9,-6.9,-7.4,-7.2,-6.8,-7.2,-7.0,-7.4,-7.2,-8.0,-7.2,-7.0,-7.3,0
CS177,-8.6,-9.3,-9.1,-9.3,-9.0,-8.9,-8.9,-9.2,-8.4,-9.7,-9.2,-9.3,-9.4,-9.4,-9.5,-9.5,-8.8,-9.2,-9.5,-9.8,-9.2,-8.7,-8.5,-8.6,-8.7,-9.1,-9.5,-9.0,-9.5,-9.6,-9.5,-7.1,-9.9,-9.7,-9.3,-9.2,-9.3,-9.9,-8.9,-9.1,-9.0,-9.2,-9.0,-8.7,-9.4,-9.9,-9.5,-9.9,-9.6,-9.3,-9.5,-9.4,-8.6,-8.4,-8.5,-9.7,-9.4,-8.8,-9.3,-9.0,-9.0,-9.7,-9.6,-9.2,-9.2,-9.3,-9.0,-9.1,-8.9,-8.3,-9.3,-8.7,-8.4,-8.8,-8.1,-9.2,-9.3,-9.6,-9.5,-9.3,-9.4,-9.3,-9.5,-9.4,-10.0,-9.1,-8.2,-9.8,-9.7,-9.6,-9.6,-10.0,-9.7,-9.5,-8.9,-9.5,-7.9,-8.7,-8.5,-8.2,-8.5,-8.3,-9.3,-9.1,-8.7,-8.9,-9.0,-9.7,-9.2,-9.3,-9.5,-9.8,-9.6,-9.1,-9.4,-9.3,-10.1,-9.4,-8.7,-9.0,-8.9,-8.9,-8.6,-8.5,-8.7,-8.7,-9.5,-8.3,-9.4,-8.9,-8.4,-8.7,-8.9,-8.9,-8.6,-10.0,0
CS184,-9.8,-9.7,-8.9,-9.4,-9.9,-10.0,-10.0,-9.5,-6.5,-10.0,-9.5,-9.1,-9.9,-9.3,-9.8,-10.0,-9.2,-9.3,-9.5,-8.9,-9.4,-7.2,-7.8,-7.4,-7.1,-9.7,-9.8,-9.7,-9.2,-9.0,-9.9,-7.3,-9.6,-10.2,-8.3,-8.3,-10.1,-9.6,-9.1,-8.6,-7.0,-8.2,-8.5,-10.2,-9.1,-9.9,-7.0,-7.3,-10.2,-9.8,-8.7,-8.3,-9.7,-9.6,-9.9,-9.7,-9.9,-9.5,-9.6,-9.6,-9.1,-6.8,-10.3,-8.1,-9.8,-10.4,-9.8,-9.2,-8.2,-7.3,-9.6,-10.1,-9.8,-9.7,-9.7,-8.3,-10.0,-9.2,-10.0,-8.3,-8.4,-8.7,-9.4,-9.4,-9.3,-9.5,-7.1,-9.7,-10.3,-10.3,-8.6,-10.5,-8.3,-10.2,-9.1,-9.9,-9.6,-10.0,-9.4,-7.4,-9.5,-9.8,-9.8,-6.5,-9.7,-9.4,-9.5,-9.7,-9.6,-10.0,-9.9,-9.8,-9.8,-10.6,-8.1,-8.7,-10.6,-7.2,-10.4,-10.1,-6.8,-10.2,-8.1,-6.8,-7.7,-9.6,-10.0,-9.8,-9.5,-10.0,-9.8,-10.0,-9.2,-9.6,-7.3,-9.5,0
CS188,-9.5,-10.4,-10.7,-10.4,-9.5,-9.6,-10.2,-10.3,-9.3,-10.5,-10.1,-10.1,-10.6,-10.2,-10.1,-10.1,-10.3,-9.6,-10.0,-10.1,-10.7,-10.3,-9.8,-9.9,-10.4,-9.8,-10.1,-9.9,-10.6,-10.9,-10.6,-7.6,-9.8,-10.3,-10.1,-9.4,-10.4,-10.6,-9.6,-9.1,-10.2,-10.1,-10.9,-9.6,-10.1,-9.6,-9.9,-10.1,-10.2,-10.7,-8.4,-9.9,-9.6,-10.0,-9.7,-9.8,-9.8,-9.6,-10.0,-10.5,-9.4,-10.5,-9.5,-9.8,-10.4,-10.2,-10.7,-10.8,-11.2,-9.9,-9.3,-9.4,-9.7,-9.7,-9.8,-10.3,-10.2,-8.5,-11.2,-10.3,-10.9,-10.6,-10.8,-10.6,-10.5,-9.6,-9.3,-10.7,-10.6,-10.6,-10.5,-11.1,-10.7,-10.7,-10.2,-9.5,-9.5,-9.6,-9.5,-9.5,-9.6,-9.5,-9.9,-10.1,-9.5,-10.1,-9.3,-9.5,-9.3,-10.3,-10.4,-10.5,-10.7,-9.8,-9.7,-10.6,-10.9,-9.6,-9.8,-9.8,-9.7,-9.4,-9.4,-8.6,-10.1,-9.7,-9.6,-9.5,-9.4,-9.7,-9.1,-9.9,-10.0,-10.0,-9.0,-10.1,0
CS189,-7.5,-7.0,-7.5,-6.6,-7.4,-7.9,-7.5,-6.8,-6.7,-7.1,-7.4,-7.1,-7.2,-7.2,-6.9,-7.3,-6.9,-7.0,-8.0,-8.3,-6.9,-7.2,-7.1,-7.0,-7.0,-8.1,-8.4,-6.7,-7.4,-7.2,-7.2,-6.5,-7.3,-6.6,-7.6,-7.5,-8.2,-7.5,-7.1,-7.4,-7.3,-7.4,-7.3,-7.6,-6.9,-7.2,-7.3,-7.4,-7.9,-7.8,-7.4,-7.2,-7.7,-7.6,-7.4,-7.2,-7.5,-7.1,-7.0,-7.7,-6.6,-8.1,-7.9,-7.6,-7.6,-7.5,-7.7,-7.7,-8.0,-7.5,-7.0,-7.3,-7.3,-7.8,-8.1,-8.3,-7.4,-7.9,-7.7,-8.5,-7.9,-7.9,-8.0,-7.3,-7.7,-6.9,-7.3,-7.4,-7.5,-7.4,-7.7,-7.8,-7.6,-7.5,-7.2,-7.5,-7.7,-7.3,-7.1,-7.2,-7.6,-7.6,-7.3,-7.0,-6.9,-7.3,-7.0,-7.3,-7.3,-7.4,-7.7,-7.6,-8.0,-7.7,-7.4,-8.0,-8.4,-7.5,-7.1,-7.8,-7.8,-8.2,-7.7,-6.9,-7.5,-7.8,-7.2,-7.1,-7.5,-7.3,-6.9,-7.7,-7.0,-7.6,-6.8,-8.0,0
CS196,-10.3,-10.5,-10.3,-10.8,-10.6,-10.5,-10.7,-10.7,-9.7,-11.2,-10.2,-10.7,-10.4,-10.5,-10.9,-10.3,-10.1,-10.0,-10.6,-10.8,-10.6,-11.2,-11.1,-11.3,-10.9,-11.0,-10.5,-10.2,-10.9,-10.6,-10.5,-8.7,-10.9,-10.5,-10.6,-10.2,-10.8,-10.7,-11.1,-10.1,-11.0,-11.1,-10.8,-10.7,-10.4,-11.8,-11.2,-11.8,-11.8,-11.2,-10.9,-10.4,-10.6,-10.2,-10.4,-10.7,-10.7,-10.6,-11.5,-10.9,-10.2,-10.7,-11.4,-11.4,-10.4,-11.2,-10.6,-11.3,-10.9,-10.3,-10.3,-10.9,-10.4,-10.1,-10.6,-10.8,-10.3,-11.4,-11.2,-10.8,-10.9,-11.3,-11.2,-11.3,-11.5,-10.3,-10.4,-11.5,-11.6,-12.0,-11.5,-11.4,-11.0,-11.8,-11.3,-10.8,-11.1,-10.4,-10.3,-10.4,-10.2,-10.5,-11.1,-11.3,-10.2,-10.8,-10.8,-11.3,-10.4,-10.8,-11.0,-11.6,-11.6,-11.1,-11.6,-11.0,-11.2,-11.3,-10.9,-10.6,-11.5,-11.1,-11.1,-11.2,-10.9,-10.3,-10.6,-10.3,-10.6,-10.6,-10.3,-10.1,-10.0,-10.5,-9.8,-11.4,0
CS197,-10.3,-9.3,-9.1,-9.4,-10.2,-10.3,-9.2,-9.5,-8.4,-9.3,-9.0,-9.4,-8.6,-8.2,-9.8,-9.0,-9.4,-9.2,-9.5,-10.1,-9.2,-9.9,-7.4,-8.9,-7.9,-9.6,-10.0,-9.2,-8.9,-9.1,-9.4,-9.3,-10.1,-9.7,-9.5,-9.6,-10.3,-9.5,-10.0,-9.3,-10.4,-10.0,-9.9,-9.6,-8.8,-10.7,-10.2,-10.2,-10.0,-9.7,-8.5,-8.5,-10.1,-9.2,-9.7,-10.2,-10.3,-10.2,-10.3,-10.1,-9.2,-10.0,-10.0,-9.2,-9.7,-9.9,-9.3,-9.4,-9.2,-8.8,-9.9,-10.4,-9.9,-9.1,-9.6,-9.9,-9.5,-9.3,-10.6,-9.5,-8.6,-8.4,-10.4,-9.9,-10.1,-9.6,-9.5,-9.6,-9.7,-10.0,-9.1,-9.7,-9.9,-9.7,-10.3,-10.2,-10.1,-9.7,-9.3,-9.3,-9.4,-9.8,-9.8,-10.0,-9.8,-9.6,-10.0,-10.4,-10.1,-10.0,-9.8,-9.4,-10.5,-9.5,-10.4,-8.8,-10.7,-10.4,-9.9,-10.9,-11.2,-10.6,-10.2,-9.5,-9.4,-8.5,-9.7,-9.5,-10.1,-9.8,-9.2,-9.5,-9.2,-9.9,-9.4,-10.2,0
CS198,-8.1,-7.8,-7.4,-7.8,-7.5,-8.1,-8.3,-7.3,-7.6,-8.1,-8.0,-7.9,-7.5,-7.3,-8.2,-8.5,-7.1,-7.6,-8.7,-9.1,-7.6,-7.9,-8.1,-7.9,-7.8,-8.0,-8.0,-7.4,-7.6,-7.6,-7.5,-6.7,-7.9,-8.3,-8.0,-8.0,-8.0,-8.7,-7.6,-7.6,-8.0,-7.7,-7.9,-7.4,-7.2,-8.1,-7.9,-7.9,-8.3,-7.6,-7.9,-7.6,-7.3,-7.0,-7.3,-8.0,-7.9,-8.1,-8.4,-7.7,-7.5,-8.1,-7.9,-7.6,-7.8,-8.0,-7.9,-8.1,-8.3,-7.6,-7.4,-7.3,-7.4,-7.7,-8.0,-8.1,-7.7,-8.4,-8.0,-8.4,-8.5,-8.3,-8.1,-7.9,-8.1,-7.6,-7.7,-7.8,-7.9,-7.9,-8.2,-7.9,-8.4,-7.9,-8.0,-7.8,-8.0,-7.8,-7.9,-7.5,-7.5,-7.7,-7.6,-7.6,-7.8,-7.9,-7.6,-8.0,-7.8,-7.8,-8.0,-7.9,-8.3,-7.8,-8.0,-7.7,-8.2,-8.1,-8.0,-7.7,-8.3,-8.1,-8.2,-7.5,-7.3,-7.7,-7.6,-7.3,-7.7,-7.5,-7.5,-7.5,-7.6,-7.7,-7.9,-7.3,0
CS200,-7.5,-8.8,-7.7,-7.6,-8.2,-8.0,-8.7,-8.5,-7.5,-9.0,-8.5,-8.6,-9.0,-8.3,-8.6,-9.4,-9.0,-7.9,-9.3,-9.4,-8.1,-7.4,-7.3,-7.3,-7.2,-8.1,-8.0,-7.3,-7.5,-7.4,-7.8,-7.2,-6.7,-8.5,-7.6,-7.9,-8.9,-7.8,-7.7,-7.6,-7.7,-7.9,-7.4,-7.6,-7.1,-7.6,-7.7,-7.5,-9.1,-8.4,-8.4,-7.1,-7.5,-7.5,-7.2,-7.0,-7.2,-7.8,-7.0,-8.0,-7.8,-8.8,-8.4,-8.3,-8.8,-8.9,-8.1,-8.8,-9.2,-7.6,-6.9,-7.7,-7.8,-8.6,-8.5,-9.2,-7.4,-8.9,-8.9,-9.1,-9.0,-8.9,-8.1,-8.5,-8.4,-8.3,-8.2,-8.0,-8.9,-8.6,-8.8,-8.5,-9.1,-8.0,-6.5,-7.5,-7.1,-7.2,-8.1,-7.9,-8.3,-7.7,-8.8,-7.9,-7.9,-8.9,-7.3,-7.5,-8.2,-9.0,-7.9,-8.0,-8.6,-8.1,-7.2,-8.3,-8.9,-7.4,-7.8,-8.3,-7.4,-8.2,-7.5,-7.8,-7.9,-8.4,-7.5,-7.2,-7.3,-8.0,-7.5,-7.4,-8.3,-8.0,-7.0,-7.6,0
CS202,-7.5,-7.7,-7.6,-7.6,-7.3,-7.7,-7.6,-7.8,-6.6,-7.9,-7.4,-8.0,-7.5,-8.0,-7.9,-7.8,-6.8,-8.2,-7.6,-8.4,-7.4,-7.2,-7.2,-8.1,-8.2,-7.4,-7.8,-7.1,-7.7,-7.8,-7.5,-6.7,-7.0,-7.2,-7.6,-7.6,-8.1,-7.9,-7.4,-6.6,-7.8,-7.7,-7.6,-7.6,-7.3,-7.9,-7.9,-7.0,-7.5,-7.8,-8.5,-7.5,-7.4,-7.0,-7.0,-7.8,-7.1,-7.2,-7.2,-7.7,-7.1,-7.7,-7.7,-7.8,-7.7,-7.5,-7.6,-8.1,-7.7,-7.6,-7.3,-7.3,-7.0,-7.1,-7.3,-8.0,-7.8,-8.2,-8.0,-7.8,-7.7,-8.0,-8.0,-8.0,-8.2,-7.1,-6.8,-8.3,-8.4,-8.4,-7.7,-8.3,-7.7,-8.4,-7.2,-6.9,-7.6,-7.4,-7.4,-7.4,-7.3,-7.5,-7.5,-7.3,-7.1,-7.8,-6.9,-7.6,-6.8,-8.0,-7.8,-7.7,-7.8,-8.0,-6.6,-8.0,-8.1,-7.1,-8.0,-7.2,-7.5,-7.9,-7.8,-6.3,-7.4,-7.5,-7.8,-7.4,-7.1,-6.9,-7.4,-7.3,-7.4,-7.4,-7.4,-7.7,0
CS204,-6.8,-7.9,-6.9,-7.8,-7.1,-8.1,-7.4,-8.4,-8.6,-8.3,-8.0,-8.1,-7.9,-8.5,-8.4,-8.7,-7.8,-7.2,-8.3,-8.9,-8.0,-6.7,-7.5,-7.2,-6.7,-8.5,-8.1,-8.5,-7.3,-7.5,-6.9,-7.2,-6.5,-8.5,-6.9,-7.1,-8.0,-8.8,-7.9,-8.2,-8.3,-8.0,-8.4,-8.1,-7.0,-8.4,-8.3,-8.4,-8.8,-8.5,-8.9,-6.8,-8.2,-7.8,-5.9,-7.2,-5.8,-8.4,-9.2,-8.4,-7.9,-8.6,-8.4,-8.2,-8.8,-8.3,-8.3,-8.1,-8.4,-8.0,-7.6,-8.4,-7.9,-8.0,-7.9,-8.3,-6.5,-8.4,-9.0,-8.3,-8.5,-8.7,-8.5,-7.8,-8.2,-6.4,-6.5,-8.1,-8.1,-8.1,-8.8,-8.1,-8.5,-8.5,-8.1,-8.5,-8.5,-7.5,-6.6,-7.2,-8.4,-6.5,-8.8,-7.7,-6.9,-8.3,-8.7,-8.6,-8.6,-7.9,-8.2,-8.5,-8.8,-8.2,-7.1,-8.4,-9.0,-8.3,-7.1,-5.9,-8.0,-7.6,-8.9,-8.3,-7.5,-8.3,-7.1,-6.6,-8.2,-8.0,-6.5,-7.3,-8.5,-7.8,-7.1,-8.6,0
CS208,-9.1,-9.7,-9.6,-9.0,-8.4,-9.7,-9.9,-10.1,-8.8,-10.0,-9.1,-9.6,-10.3,-9.7,-9.6,-10.0,-9.2,-9.1,-10.3,-10.0,-9.5,-8.1,-8.2,-8.5,-8.2,-9.1,-9.8,-8.8,-9.5,-9.4,-9.7,-5.7,-9.3,-9.6,-9.0,-9.4,-10.0,-10.0,-9.7,-8.6,-8.8,-8.6,-9.5,-8.1,-8.5,-8.9,-8.8,-8.9,-9.8,-10.0,-9.7,-8.4,-8.2,-8.4,-8.2,-9.4,-9.4,-8.1,-9.2,-9.7,-8.7,-10.3,-9.8,-9.5,-10.2,-10.1,-10.3,-10.4,-10.4,-8.6,-8.3,-8.2,-8.0,-9.5,-9.6,-10.1,-9.5,-9.5,-10.6,-10.1,-10.4,-10.5,-10.1,-10.4,-10.2,-9.1,-9.1,-9.6,-10.2,-10.5,-10.0,-10.0,-10.0,-9.7,-9.2,-9.3,-8.8,-8.7,-9.0,-8.4,-9.7,-9.1,-9.9,-9.5,-8.8,-10.6,-8.9,-8.8,-9.1,-9.6,-10.1,-10.0,-9.2,-9.1,-8.5,-9.7,-10.2,-9.2,-8.5,-9.5,-9.3,-9.0,-8.5,-8.3,-9.2,-9.0,-8.8,-8.1,-8.2,-9.0,-8.6,-8.0,-9.6,-9.7,-8.1,-9.9,0
CS209,-8.3,-8.7,-8.3,-7.9,-8.3,-8.8,-7.9,-7.8,-7.6,-8.9,-8.2,-8.3,-8.7,-8.9,-8.9,-9.1,-8.3,-8.7,-9.0,-9.4,-8.2,-8.4,-8.0,-8.5,-8.7,-8.9,-8.3,-8.3,-9.3,-9.6,-8.7,-6.3,-8.1,-8.3,-8.5,-8.6,-8.7,-8.9,-8.9,-9.0,-8.4,-8.3,-9.5,-8.3,-8.9,-8.4,-9.3,-8.2,-8.3,-7.8,-7.9,-8.0,-8.8,-8.8,-8.2,-8.3,-8.2,-8.4,-9.5,-8.2,-7.8,-8.1,-9.2,-8.4,-8.7,-8.6,-8.5,-8.9,-8.3,-8.0,-8.8,-8.3,-8.9,-7.8,-7.6,-8.5,-8.1,-8.7,-8.7,-8.7,-8.0,-8.7,-8.7,-9.4,-8.2,-8.0,-8.1,-9.0,-8.4,-9.0,-8.6,-8.5,-8.2,-9.5,-8.3,-9.2,-8.7,-8.7,-8.4,-8.3,-7.5,-8.1,-7.8,-8.0,-8.5,-7.8,-8.9,-9.0,-8.1,-7.9,-8.0,-8.2,-8.7,-8.5,-9.8,-8.7,-8.2,-9.3,-8.5,-9.0,-8.9,-8.5,-8.8,-8.3,-7.7,-7.9,-8.2,-8.1,-8.4,-7.9,-8.4,-8.9,-8.0,-8.2,-7.8,-8.6,0
CS213,-10.9,-9.7,-9.6,-9.2,-9.1,-9.6,-9.1,-10.0,-8.3,-11.1,-9.8,-9.7,-10.6,-10.8,-10.4,-9.5,-10.2,-9.4,-8.8,-9.2,-9.6,-10.2,-10.0,-10.2,-10.1,-10.5,-11.2,-9.3,-10.1,-10.3,-9.1,-8.7,-10.7,-9.7,-10.5,-10.7,-10.7,-8.8,-10.2,-9.3,-9.6,-10.3,-10.2,-10.3,-9.3,-10.5,-8.8,-10.6,-10.6,-10.4,-11.2,-8.6,-10.0,-10.0,-10.1,-10.7,-9.8,-10.2,-9.6,-10.4,-9.7,-10.9,-10.6,-10.5,-8.5,-10.2,-10.0,-9.6,-9.0,-9.8,-10.0,-10.1,-9.8,-9.9,-10.0,-10.0,-10.0,-11.0,-8.9,-9.9,-8.6,-8.6,-10.3,-10.5,-10.5,-8.6,-9.2,-11.1,-9.9,-8.8,-8.5,-11.0,-10.8,-10.9,-9.6,-9.8,-8.9,-9.6,-10.7,-9.6,-8.5,-9.8,-10.5,-9.3,-10.1,-10.4,-10.0,-9.6,-10.0,-9.7,-10.6,-10.3,-10.7,-9.5,-10.8,-10.1,-10.9,-10.5,-10.4,-10.0,-10.4,-10.8,-10.4,-10.4,-9.8,-10.2,-9.7,-9.8,-10.1,-8.9,-9.2,-10.0,-9.8,-9.7,-8.9,-10.3,0
CS222,-9.2,-9.7,-9.4,-9.4,-8.5,-9.4,-10.3,-9.5,-8.8,-9.7,-9.3,-9.3,-9.4,-10.9,-9.5,-9.3,-9.4,-9.5,-9.0,-9.4,-9.1,-9.1,-9.9,-11.2,-9.8,-9.0,-9.9,-10.4,-10.2,-9.5,-9.3,-7.3,-9.6,-9.5,-9.5,-8.8,-9.8,-9.4,-9.4,-9.0,-9.9,-9.7,-9.7,-9.8,-9.3,-9.6,-9.6,-9.5,-10.1,-9.3,-9.1,-9.2,-9.7,-9.3,-9.4,-9.9,-9.7,-9.9,-9.7,-9.2,-9.0,-10.0,-9.3,-9.6,-10.2,-9.4,-9.4,-9.4,-9.3,-9.6,-9.7,-9.8,-9.7,-9.0,-8.6,-9.0,-8.7,-9.0,-9.4,-10.2,-9.2,-9.3,-9.8,-9.0,-9.6,-8.2,-9.0,-10.0,-10.0,-9.7,-9.0,-10.4,-9.8,-9.7,-9.8,-9.4,-8.4,-10.1,-10.4,-8.3,-9.0,-9.2,-9.3,-9.5,-9.9,-9.4,-9.0,-9.7,-9.1,-9.3,-10.5,-9.5,-8.9,-9.9,-10.4,-9.7,-9.8,-10.0,-9.0,-9.0,-10.3,-10.9,-10.0,-8.9,-9.3,-9.5,-9.0,-8.3,-10.0,-8.8,-9.9,-9.8,-9.2,-8.3,-8.8,-10.3,0
CS230,-6.8,-7.4,-7.6,-7.6,-8.4,-8.9,-8.5,-8.7,-6.4,-8.5,-8.0,-7.9,-8.1,-7.2,-8.4,-8.5,-7.2,-6.4,-8.0,-8.0,-7.9,-6.8,-8.3,-6.8,-7.7,-8.2,-9.1,-8.4,-8.0,-7.7,-7.8,-7.1,-7.1,-7.6,-8.5,-8.4,-8.8,-8.3,-8.8,-7.8,-8.8,-8.7,-8.3,-6.6,-7.7,-7.0,-8.1,-7.2,-8.9,-8.9,-8.8,-8.6,-8.0,-8.0,-7.9,-8.0,-6.8,-8.3,-6.9,-8.9,-7.7,-9.2,-9.1,-8.9,-8.5,-8.7,-8.9,-8.8,-8.5,-8.7,-8.1,-8.0,-8.1,-8.3,-7.1,-8.2,-8.6,-9.4,-8.6,-8.8,-8.4,-8.0,-9.0,-9.1,-8.8,-7.4,-6.9,-9.1,-9.1,-9.0,-8.5,-9.3,-8.8,-9.1,-8.3,-8.1,-8.3,-7.1,-7.0,-7.4,-8.2,-8.2,-8.8,-8.4,-8.4,-8.1,-8.2,-7.0,-8.5,-8.7,-9.1,-9.2,-8.9,-9.0,-8.8,-9.1,-9.0,-6.8,-8.5,-8.6,-8.6,-9.1,-8.4,-6.6,-8.5,-8.4,-7.0,-8.0,-6.8,-8.4,-7.2,-8.2,-8.7,-8.3,-7.3,-9.0,0
CS231,-7.5,-7.3,-7.4,-7.6,-7.5,-7.3,-7.6,-7.1,-6.8,-8.2,-7.7,-7.0,-8.0,-7.1,-8.1,-8.0,-7.2,-6.9,-6.9,-8.5,-7.0,-7.7,-8.0,-8.3,-7.8,-8.1,-7.2,-6.6,-7.6,-7.4,-7.4,-6.1,-7.4,-7.3,-7.7,-8.1,-7.3,-8.7,-6.9,-7.3,-6.7,-7.7,-7.3,-7.9,-6.9,-7.3,-7.6,-7.5,-7.6,-7.3,-7.1,-8.4,-7.9,-7.6,-7.9,-7.6,-8.0,-8.2,-7.5,-7.3,-6.8,-7.2,-7.6,-7.4,-8.3,-7.9,-7.4,-7.2,-7.5,-7.5,-8.3,-8.0,-8.0,-7.2,-7.9,-7.9,-8.2,-8.0,-8.3,-7.5,-7.4,-8.1,-8.1,-8.2,-8.4,-7.3,-7.5,-8.1,-7.4,-7.5,-8.1,-8.1,-8.3,-8.1,-7.9,-7.5,-7.0,-7.8,-7.3,-7.6,-7.2,-6.9,-7.3,-7.7,-7.7,-7.1,-7.5,-7.2,-7.6,-8.2,-8.1,-8.0,-7.8,-7.3,-7.9,-7.2,-8.2,-8.0,-7.8,-7.8,-8.2,-8.0,-7.7,-7.4,-6.9,-8.1,-7.5,-6.9,-8.4,-7.4,-7.3,-8.0,-7.1,-6.8,-7.4,-7.9,0
CS232,-10.2,-9.6,-10.4,-9.7,-10.4,-10.0,-10.6,-9.9,-9.5,-10.8,-9.9,-10.0,-10.3,-10.2,-10.8,-10.5,-10.2,-9.5,-9.7,-9.8,-9.6,-9.1,-10.0,-10.2,-9.5,-9.7,-9.4,-9.1,-10.7,-10.7,-10.8,-8.5,-11.4,-10.6,-10.0,-9.3,-11.6,-10.1,-10.9,-9.7,-9.8,-9.4,-9.5,-9.6,-9.9,-10.1,-10.9,-9.7,-10.6,-10.9,-9.7,-10.2,-10.5,-9.3,-9.6,-11.4,-10.0,-10.5,-11.2,-11.2,-8.8,-9.8,-10.6,-10.8,-10.5,-10.9,-10.4,-10.2,-10.2,-9.1,-9.9,-10.5,-9.7,-10.6,-10.1,-10.0,-10.3,-10.5,-10.8,-9.8,-9.7,-9.5,-10.4,-10.7,-10.0,-9.8,-11.0,-10.7,-10.7,-10.7,-10.4,-10.9,-11.5,-10.8,-10.6,-11.2,-9.9,-10.1,-10.9,-9.7,-10.5,-11.0,-10.9,-11.1,-9.5,-10.8,-9.6,-10.1,-9.5,-9.5,-9.3,-10.3,-10.7,-10.1,-11.4,-10.2,-10.5,-9.8,-10.3,-8.9,-9.9,-10.4,-10.8,-10.6,-9.9,-10.4,-10.1,-9.9,-10.6,-9.9,-10.9,-9.8,-10.5,-11.5,-10.6,-10.6,0
CS234,-9.5,-8.1,-9.5,-9.8,-10.0,-10.5,-10.1,-10.0,-8.9,-10.9,-8.8,-8.1,-8.7,-8.6,-10.1,-9.1,-8.2,-9.7,-9.0,-9.9,-9.5,-10.5,-10.3,-10.2,-10.3,-10.4,-10.1,-9.2,-9.7,-9.2,-9.2,-8.6,-10.5,-8.2,-10.8,-9.5,-10.7,-10.2,-10.4,-9.1,-10.8,-10.5,-10.1,-9.7,-9.1,-10.9,-10.9,-10.3,-10.3,-9.9,-10.0,-9.8,-10.4,-9.7,-9.7,-10.5,-9.9,-10.2,-10.4,-10.7,-9.5,-10.0,-10.2,-10.1,-10.0,-10.2,-10.2,-10.2,-10.0,-9.8,-10.3,-10.4,-10.0,-9.2,-10.0,-8.9,-9.9,-10.5,-9.1,-10.0,-10.0,-10.0,-10.5,-10.5,-10.5,-9.5,-9.7,-10.4,-10.4,-10.3,-9.9,-10.6,-10.0,-10.6,-8.5,-10.3,-10.4,-10.1,-9.8,-9.7,-9.8,-10.0,-9.9,-10.1,-9.4,-9.7,-8.9,-10.4,-10.5,-10.2,-9.0,-10.6,-9.1,-9.9,-10.2,-10.1,-9.2,-10.6,-10.0,-10.9,-11.1,-10.5,-10.2,-8.3,-9.9,-9.9,-10.2,-9.7,-10.3,-9.9,-9.6,-10.2,-8.2,-10.3,-8.8,-10.2,0
CS236,-9.9,-10.9,-10.5,-10.7,-10.2,-10.8,-10.2,-11.1,-9.8,-11.9,-10.1,-10.6,-11.5,-10.8,-10.8,-11.8,-10.2,-10.4,-10.5,-11.4,-11.0,-9.9,-10.3,-10.4,-9.6,-10.6,-11.1,-10.4,-10.9,-10.9,-10.7,-8.9,-10.0,-10.4,-10.5,-9.4,-11.0,-11.3,-10.5,-9.1,-10.7,-10.7,-10.5,-9.7,-10.3,-10.3,-10.3,-10.5,-11.0,-11.2,-11.0,-10.4,-9.8,-9.5,-9.5,-9.8,-10.0,-10.0,-10.1,-10.7,-9.8,-10.6,-11.1,-10.6,-10.1,-10.6,-10.4,-10.7,-10.5,-10.6,-9.8,-10.0,-9.6,-10.4,-9.9,-9.9,-10.2,-11.5,-10.4,-10.3,-10.1,-10.2,-10.7,-10.7,-11.0,-9.4,-9.5,-11.5,-11.3,-11.0,-10.5,-11.3,-10.7,-11.3,-9.7,-9.5,-10.6,-9.6,-9.3,-9.4,-9.9,-9.9,-10.4,-9.8,-10.0,-10.4,-10.0,-10.1,-9.6,-10.3,-10.7,-10.6,-10.8,-10.5,-10.2,-11.2,-10.5,-10.3,-9.7,-10.1,-10.3,-10.4,-10.2,-9.9,-10.4,-9.9,-9.7,-9.6,-9.9,-10.0,-9.4,-9.9,-9.9,-10.8,-9.5,-10.8,0
CS237,-9.0,-8.1,-7.6,-7.6,-8.7,-9.2,-8.4,-8.5,-8.6,-9.3,-8.3,-8.5,-8.5,-8.8,-9.1,-9.2,-8.8,-8.2,-8.7,-8.9,-8.3,-9.0,-8.5,-7.9,-9.3,-8.6,-9.0,-8.4,-7.8,-7.3,-7.5,-6.9,-9.1,-8.1,-9.9,-9.7,-10.1,-9.2,-9.0,-8.3,-9.5,-9.2,-9.1,-8.8,-7.2,-9.4,-9.3,-9.1,-9.5,-8.9,-8.9,-9.3,-9.1,-8.7,-9.1,-9.1,-9.2,-9.1,-9.2,-9.3,-7.4,-9.1,-9.4,-8.7,-9.1,-9.1,-9.1,-9.3,-9.3,-8.9,-9.2,-9.2,-9.0,-8.4,-8.9,-9.2,-8.8,-9.4,-8.9,-9.4,-9.1,-9.2,-9.3,-9.5,-9.4,-8.8,-8.5,-9.0,-8.8,-9.1,-9.0,-9.3,-8.9,-9.4,-9.0,-8.8,-9.1,-8.9,-8.8,-7.9,-8.5,-7.8,-8.8,-9.2,-8.6,-9.0,-9.3,-9.2,-9.3,-9.2,-8.9,-8.8,-9.1,-8.7,-9.5,-9.3,-9.2,-9.5,-8.7,-9.4,-9.8,-9.7,-9.4,-7.6,-8.8,-8.8,-8.8,-8.5,-9.0,-8.8,-8.0,-8.9,-8.7,-8.2,-7.8,-9.2,0
CS238,-10.1,-10.6,-10.0,-10.0,-10.5,-11.1,-10.3,-10.1,-9.8,-10.8,-10.3,-9.7,-10.0,-10.6,-10.6,-10.5,-9.5,-9.9,-10.7,-10.7,-10.5,-11.0,-8.6,-9.4,-10.9,-9.8,-9.6,-10.0,-10.0,-9.7,-10.0,-8.0,-11.2,-10.7,-9.2,-11.6,-11.4,-10.6,-10.8,-10.1,-11.2,-9.4,-9.6,-10.6,-9.2,-11.7,-11.5,-11.7,-10.8,-10.7,-11.4,-10.8,-10.7,-10.1,-10.4,-10.9,-11.1,-10.5,-11.1,-11.1,-9.7,-10.9,-11.2,-11.6,-10.3,-11.4,-10.7,-10.9,-10.4,-11.1,-9.6,-10.3,-10.2,-9.8,-9.8,-10.7,-10.8,-10.5,-10.5,-11.0,-10.5,-10.8,-12.0,-11.5,-11.5,-10.3,-10.7,-11.3,-11.0,-10.7,-10.7,-10.9,-11.1,-11.4,-10.1,-10.9,-11.1,-10.9,-10.6,-10.3,-10.1,-10.7,-10.6,-11.3,-10.5,-10.5,-10.1,-11.5,-10.4,-10.7,-10.7,-10.9,-11.2,-10.5,-9.7,-11.4,-10.5,-10.2,-11.1,-11.4,-10.4,-9.7,-10.9,-9.9,-10.4,-9.8,-10.8,-10.7,-10.1,-10.6,-10.3,-10.3,-10.2,-10.1,-10.1,-10.9,0
CS241,-10.6,-10.2,-9.8,-9.1,-10.1,-9.3,-9.7,-10.4,-9.5,-11.2,-10.4,-10.5,-10.0,-10.0,-10.9,-10.8,-10.0,-10.1,-10.6,-10.5,-9.9,-9.7,-9.8,-9.6,-9.7,-10.5,-11.1,-10.1,-9.8,-9.8,-9.7,-8.1,-10.5,-9.8,-9.8,-9.7,-10.8,-10.2,-10.5,-9.5,-10.7,-10.6,-10.9,-10.2,-9.0,-10.1,-9.9,-9.9,-11.3,-10.6,-10.2,-10.4,-10.1,-9.7,-9.8,-9.5,-9.6,-9.9,-9.8,-10.9,-8.8,-11.1,-11.1,-11.2,-11.0,-11.2,-10.0,-10.9,-9.7,-10.6,-9.9,-9.8,-10.1,-10.1,-10.4,-10.7,-11.0,-10.7,-9.8,-10.3,-10.5,-10.4,-11.0,-10.9,-10.0,-10.2,-10.5,-9.8,-9.8,-10.4,-11.0,-9.9,-11.3,-10.2,-9.9,-10.0,-9.6,-10.0,-10.0,-10.3,-10.4,-10.6,-11.0,-9.5,-10.2,-10.3,-10.1,-9.9,-10.1,-10.8,-10.7,-11.1,-11.1,-10.9,-9.6,-11.0,-10.8,-9.6,-10.1,-11.1,-9.5,-10.7,-9.4,-9.7,-10.1,-10.8,-10.1,-9.9,-9.9,-10.4,-10.0,-10.1,-10.5,-9.7,-9.5,-10.8,1
CS242,-10.0,-10.2,-9.7,-9.5,-10.0,-9.6,-9.7,-10.3,-9.8,-9.8,-9.4,-9.8,-10.8,-10.3,-9.6,-10.9,-10.3,-10.1,-10.0,-10.3,-10.3,-10.2,-9.9,-10.0,-9.9,-9.7,-9.4,-10.1,-9.7,-9.0,-9.4,-8.8,-9.9,-9.8,-10.2,-9.9,-9.8,-9.9,-9.7,-8.7,-9.2,-9.4,-9.7,-9.1,-9.5,-9.6,-9.8,-9.6,-10.0,-9.4,-10.1,-9.2,-9.0,-9.1,-9.4,-9.7,-9.1,-9.1,-9.6,-9.6,-8.9,-10.0,-9.5,-9.6,-9.9,-9.4,-9.8,-9.8,-10.1,-9.7,-8.9,-9.2,-9.1,-9.5,-9.6,-10.0,-9.5,-10.3,-9.3,-10.1,-9.5,-10.2,-9.1,-9.6,-9.6,-9.4,-9.2,-9.5,-9.2,-9.4,-9.8,-9.6,-9.6,-9.4,-9.7,-8.9,-9.6,-9.2,-8.9,-9.5,-9.8,-9.7,-9.6,-9.2,-9.5,-10.3,-9.4,-9.2,-9.6,-8.8,-8.9,-8.9,-10.0,-9.5,-9.2,-9.7,-9.7,-9.9,-9.6,-9.5,-10.1,-9.5,-9.8,-8.2,-8.7,-9.7,-9.2,-8.7,-9.9,-8.7,-9.5,-9.1,-10.3,-9.6,-9.3,-9.3,1
CS244,-9.6,-10.0,-8.9,-9.0,-9.5,-9.4,-9.6,-10.4,-10.1,-10.2,-10.0,-9.5,-10.0,-10.8,-10.3,-10.3,-9.0,-10.2,-10.5,-10.7,-11.5,-9.3,-9.1,-9.6,-9.1,-9.7,-10.5,-9.4,-8.5,-9.7,-9.5,-7.9,-9.0,-8.6,-10.4,-9.6,-9.0,-9.7,-9.1,-8.5,-9.8,-9.2,-9.3,-9.9,-7.8,-9.2,-9.9,-9.5,-9.6,-9.9,-11.0,-7.9,-9.0,-9.4,-9.4,-9.4,-9.5,-8.7,-8.2,-9.7,-9.1,-9.4,-9.8,-9.6,-9.0,-9.9,-10.2,-10.1,-9.7,-9.2,-9.1,-8.7,-9.0,-9.7,-11.0,-9.6,-8.4,-10.3,-8.8,-9.6,-10.1,-9.7,-8.7,-8.5,-10.1,-10.3,-9.5,-9.9,-9.9,-9.7,-9.5,-8.7,-8.5,-9.7,-8.3,-8.7,-9.1,-8.8,-9.6,-9.3,-10.3,-10.0,-8.3,-8.5,-9.5,-10.9,-9.2,-9.2,-9.7,-10.0,-9.9,-10.7,-10.3,-10.2,-8.9,-9.6,-9.9,-8.7,-9.5,-9.3,-9.7,-9.1,-9.0,-9.3,-9.0,-10.9,-9.0,-9.4,-8.8,-9.9,-9.5,-9.5,-10.8,-9.8,-9.8,-8.6,1
CS245,-8.8,-10.3,-9.8,-9.1,-9.0,-8.8,-9.3,-9.5,-9.0,-10.1,-9.2,-9.5,-10.4,-9.8,-9.7,-10.7,-10.2,-10.0,-10.0,-9.8,-10.1,-8.7,-9.3,-8.9,-8.9,-9.7,-9.9,-9.4,-9.4,-9.0,-9.2,-7.8,-8.9,-9.8,-9.8,-9.1,-9.7,-9.4,-9.4,-8.4,-9.9,-9.7,-9.7,-8.5,-8.2,-9.2,-9.6,-8.8,-9.8,-9.7,-10.1,-9.0,-8.3,-8.4,-8.3,-9.2,-8.5,-8.5,-8.5,-9.4,-8.8,-9.9,-9.5,-9.5,-9.3,-9.9,-9.4,-9.6,-9.6,-9.3,-8.5,-8.3,-8.4,-9.6,-9.6,-10.4,-9.2,-10.3,-9.5,-10.1,-9.4,-10.1,-9.0,-9.6,-9.5,-9.2,-9.4,-9.8,-9.2,-9.4,-9.6,-9.4,-9.6,-9.4,-8.6,-8.9,-8.6,-9.3,-8.5,-9.4,-9.4,-9.6,-9.8,-9.0,-9.0,-10.4,-9.0,-8.9,-9.3,-9.5,-9.8,-9.8,-9.8,-9.8,-8.7,-9.8,-9.4,-8.9,-9.6,-9.0,-9.1,-9.2,-9.1,-8.8,-8.7,-9.5,-9.5,-8.6,-8.5,-8.8,-8.9,-8.7,-10.1,-9.9,-9.3,-9.3,1
CS246,-9.0,-10.6,-9.8,-9.2,-9.3,-10.2,-9.5,-10.2,-9.4,-11.1,-9.9,-9.7,-10.7,-10.0,-10.1,-10.7,-10.1,-10.1,-10.1,-10.9,-10.4,-8.9,-8.9,-8.9,-9.1,-9.7,-11.1,-9.2,-9.8,-9.4,-9.6,-8.0,-9.5,-10.0,-9.9,-9.2,-10.0,-10.4,-9.2,-9.1,-9.7,-10.0,-10.5,-9.1,-8.2,-9.0,-9.0,-9.1,-10.6,-10.6,-10.0,-10.1,-9.2,-9.2,-9.5,-9.5,-9.5,-9.5,-7.8,-10.1,-8.8,-10.8,-10.8,-10.8,-10.6,-10.9,-9.9,-10.5,-10.4,-9.8,-9.0,-8.4,-8.8,-9.6,-10.4,-9.8,-10.3,-10.4,-10.2,-10.5,-10.2,-10.2,-10.6,-10.4,-9.8,-9.3,-9.4,-10.5,-10.0,-10.6,-10.6,-10.2,-10.6,-10.4,-8.9,-9.6,-9.6,-9.5,-9.4,-9.0,-9.9,-9.5,-10.9,-9.7,-9.1,-10.2,-9.5,-9.4,-9.5,-10.5,-10.4,-10.5,-10.7,-10.1,-9.6,-10.8,-10.4,-8.7,-9.2,-9.9,-8.7,-10.5,-9.0,-8.9,-9.6,-10.4,-9.2,-9.2,-8.7,-9.8,-9.2,-9.2,-10.0,-9.8,-8.6,-10.4,1
CS247,-10.5,-10.4,-9.9,-10.4,-11.3,-10.9,-10.7,-10.6,-10.1,-11.5,-9.7,-10.5,-10.3,-11.2,-11.0,-11.4,-9.4,-10.3,-10.5,-10.9,-10.7,-10.2,-9.9,-10.2,-11.0,-11.2,-11.5,-10.7,-10.4,-10.2,-10.4,-8.6,-11.1,-10.1,-10.7,-10.7,-10.8,-10.6,-11.1,-9.8,-9.6,-9.4,-11.2,-11.8,-9.9,-10.1,-11.2,-10.1,-10.8,-10.2,-10.5,-9.5,-10.4,-10.7,-11.5,-10.7,-11.3,-11.6,-9.6,-10.8,-9.7,-11.0,-11.0,-10.5,-10.7,-10.7,-10.8,-11.6,-10.9,-10.0,-11.0,-9.6,-11.6,-10.3,-10.8,-10.9,-10.1,-12.3,-10.9,-11.0,-10.9,-11.0,-11.8,-12.2,-10.6,-10.1,-10.3,-10.9,-10.8,-11.0,-10.7,-12.0,-11.3,-10.9,-10.0,-9.4,-11.1,-10.7,-10.3,-11.0,-10.7,-10.1,-11.2,-9.6,-10.1,-10.9,-10.2,-10.2,-10.4,-9.9,-11.7,-10.9,-10.4,-10.5,-9.5,-11.0,-10.4,-10.7,-10.9,-11.1,-9.8,-10.2,-10.2,-10.7,-10.3,-10.6,-11.1,-11.4,-10.2,-11.8,-10.1,-10.9,-10.6,-10.5,-10.2,-10.8,1
CS248,-9.1,-9.8,-9.2,-8.8,-9.1,-9.1,-9.9,-10.7,-9.4,-11.1,-10.8,-9.8,-10.4,-10.5,-10.5,-11.0,-9.0,-9.8,-10.8,-10.8,-9.9,-8.6,-9.9,-9.1,-8.7,-10.1,-9.8,-9.4,-9.5,-9.2,-9.0,-8.2,-9.6,-9.3,-9.4,-9.7,-10.1,-10.3,-10.0,-8.1,-11.2,-9.0,-9.6,-8.6,-8.8,-9.3,-9.6,-9.6,-10.9,-10.3,-10.4,-9.1,-8.1,-9.4,-8.7,-9.6,-9.3,-8.5,-9.2,-10.5,-8.6,-10.5,-9.8,-10.5,-10.5,-9.7,-10.0,-10.4,-9.8,-9.4,-8.6,-9.6,-8.5,-9.5,-10.1,-10.5,-9.5,-10.0,-10.4,-10.2,-9.9,-10.8,-9.7,-9.5,-9.8,-9.6,-9.3,-9.6,-9.8,-9.7,-11.0,-9.7,-11.0,-9.6,-8.8,-8.6,-8.9,-9.4,-8.4,-9.5,-9.2,-10.3,-11.1,-8.7,-9.1,-11.0,-9.5,-8.8,-9.6,-8.8,-9.8,-9.9,-10.6,-10.0,-9.3,-10.3,-9.6,-8.9,-9.9,-9.5,-9.4,-9.8,-9.1,-9.9,-8.5,-9.8,-8.7,-8.7,-8.9,-9.5,-9.1,-8.1,-10.4,-10.2,-8.7,-9.0,1
CS260,-9.3,-10.0,-9.1,-9.1,-9.8,-9.8,-9.4,-10.2,-9.0,-10.2,-9.8,-9.2,-9.7,-9.5,-9.9,-10.8,-9.4,-9.5,-10.3,-9.8,-9.7,-8.9,-9.4,-8.9,-9.1,-9.4,-9.6,-9.4,-9.7,-9.5,-9.6,-7.5,-9.4,-9.5,-9.7,-9.6,-9.4,-9.7,-9.1,-8.6,-10.4,-9.5,-9.4,-9.5,-9.4,-9.2,-9.6,-9.5,-9.9,-9.5,-10.3,-8.9,-9.4,-9.3,-9.2,-9.5,-8.9,-9.5,-9.1,-9.7,-9.3,-10.0,-9.9,-9.8,-9.3,-9.3,-9.5,-9.6,-9.5,-9.3,-9.4,-9.7,-9.2,-9.2,-9.6,-10.1,-10.3,-10.1,-9.5,-10.0,-9.6,-9.9,-9.6,-9.4,-9.5,-9.0,-9.2,-9.4,-9.5,-9.7,-9.4,-9.5,-9.8,-9.3,-8.7,-8.6,-8.8,-9.5,-9.1,-9.0,-9.2,-9.5,-9.5,-9.1,-9.3,-10.0,-8.9,-9.3,-9.1,-9.7,-9.4,-9.6,-10.3,-9.5,-9.7,-9.9,-10.0,-9.2,-9.4,-9.5,-8.8,-9.4,-8.8,-9.1,-9.1,-9.4,-9.2,-8.7,-10.0,-9.4,-9.3,-9.4,-10.0,-9.1,-9.1,-8.9,1
CS261,-9.1,-11.0,-10.4,-10.1,-9.7,-10.5,-10.3,-11.7,-10.0,-11.2,-10.8,-10.1,-11.3,-10.7,-11.0,-11.6,-10.8,-10.6,-10.9,-11.2,-10.8,-10.1,-9.7,-11.0,-10.2,-10.5,-11.4,-10.9,-10.1,-10.0,-10.4,-8.9,-8.8,-10.7,-9.4,-10.9,-10.3,-10.2,-11.3,-9.4,-10.1,-10.8,-10.2,-11.4,-9.8,-11.0,-11.6,-10.1,-11.9,-11.1,-10.0,-8.6,-10.8,-11.2,-10.2,-10.8,-10.9,-11.0,-11.0,-10.1,-10.3,-10.5,-10.5,-10.5,-10.6,-11.1,-10.4,-10.5,-10.4,-10.5,-10.7,-11.1,-9.9,-10.1,-10.5,-12.3,-11.2,-12.8,-11.7,-12.2,-11.9,-12.0,-9.8,-10.8,-11.7,-9.9,-8.8,-11.5,-11.3,-11.7,-10.4,-12.0,-11.9,-10.9,-10.4,-10.7,-11.1,-9.0,-9.5,-9.0,-9.1,-10.6,-11.0,-11.3,-9.9,-11.1,-8.8,-10.9,-9.3,-9.4,-9.6,-11.8,-10.6,-11.2,-11.8,-11.7,-10.1,-11.3,-10.9,-11.5,-9.9,-10.9,-11.0,-9.5,-9.5,-10.4,-9.4,-9.0,-11.3,-10.2,-9.9,-10.4,-10.9,-11.1,-9.6,-9.4,1
CS262,-9.5,-9.7,-9.3,-9.0,-9.9,-10.7,-9.7,-10.2,-9.1,-9.6,-9.6,-9.5,-9.9,-10.1,-10.1,-10.5,-9.6,-9.9,-9.8,-10.1,-9.9,-9.2,-9.0,-9.0,-8.7,-9.8,-9.2,-9.4,-9.7,-9.5,-9.8,-8.6,-9.5,-9.3,-9.7,-9.6,-9.5,-9.6,-9.4,-8.7,-10.3,-9.1,-9.2,-9.7,-8.6,-9.7,-9.7,-9.3,-10.1,-9.7,-10.0,-8.8,-9.6,-9.3,-9.3,-9.3,-9.0,-9.0,-8.6,-9.0,-9.5,-9.9,-9.6,-10.1,-10.0,-9.4,-9.6,-9.6,-9.8,-8.9,-8.8,-9.5,-9.1,-9.4,-10.0,-10.1,-9.6,-10.3,-9.8,-10.2,-9.7,-10.1,-9.1,-10.3,-10.3,-10.2,-9.3,-9.7,-10.2,-9.9,-9.5,-10.1,-10.1,-10.1,-9.2,-9.0,-9.8,-9.3,-9.5,-8.8,-10.1,-9.8,-9.3,-9.1,-9.1,-10.2,-9.1,-10.1,-9.3,-9.8,-9.4,-9.3,-10.7,-9.4,-9.1,-9.7,-9.7,-9.3,-9.7,-9.4,-9.2,-8.6,-9.4,-9.1,-8.8,-9.5,-9.2,-8.6,-9.4,-9.0,-8.7,-9.3,-10.2,-9.7,-8.6,-9.6,1
